s,style_name,mass,mass_frac,vx_last_mean,vx_last_std,vx_slope_mean,vx_slope_std,ax_last_mean,ax_last_std,vy_last_mean,vy_last_std,vy_slope_mean,vy_slope_std,ay_last_mean,ay_last_std,ax_neg_frac_mean,ax_neg_frac_std,ax_pos_frac_mean,ax_pos_frac_std,ax_zero_frac_mean,ax_zero_frac_std,ay_neg_frac_mean,ay_neg_frac_std,ay_pos_frac_mean,ay_pos_frac_std,ay_zero_frac_mean,ay_zero_frac_std,jerk_x_p95_mean,jerk_x_p95_std,jerk_y_p95_mean,jerk_y_p95_std,lc_left_present_mean,lc_left_present_std,lc_right_present_mean,lc_right_present_std,d_left_lane_last_mean,d_left_lane_last_std,d_left_lane_min_mean,d_left_lane_min_std,d_right_lane_last_mean,d_right_lane_last_std,d_right_lane_min_mean,d_right_lane_min_std,front_exists_frac_mean,front_exists_frac_std,left_side_exists_frac_mean,left_side_exists_frac_std,right_side_exists_frac_mean,right_side_exists_frac_std,left_front_exists_frac_mean,left_front_exists_frac_std,right_front_exists_frac_mean,right_front_exists_frac_std,front_dx_min_mean,front_dx_min_std,front_dvx_slope_mean,front_dvx_slope_std,left_side_dy_last_mean,left_side_dy_last_std,right_side_dy_last_mean,right_side_dy_last_std,front_thw_last_mean,front_thw_last_std,front_ttc_min_mean,front_ttc_min_std
0,dummy,1201096.0035859153,1.0,25.957468587178624,7.967859513451226,-0.00041191070765260067,0.013067195423111118,-0.006177774201208304,0.3366084819787009,0.00874658644430156,0.16465178529048843,2.409629742740367e-05,0.0032716196809019966,0.001761582759344043,0.07393795175222749,0.47275869686921,0.4566263231110712,0.5100479230461334,0.45729344973118075,0.01719338008466457,0.05484964553627327,0.4387012695126358,0.39389580545775726,0.45568963682110686,0.3954223380589394,0.10560909366626287,0.16399192178897326,0.1521244034393387,0.1680110976620288,0.10594678735049606,0.1211970248903243,0.007489825937918227,0.08621907239896469,0.008935172518236433,0.0941027906616259,1.9234252925768405,0.4238645534435226,1.8165266600878713,0.45375803542556925,1.9025216842551955,0.4135730948805596,1.8052037347357546,0.4463836266673725,0.8482537113054656,0.32758696218031724,0.15516296787881803,0.319609396438623,0.15288701310244954,0.3176354606670391,0.5707182440386501,0.47769848450442765,0.6260542865472198,0.4693132284951937,54.60283696902838,48.84501296228953,0.0009325224838258594,0.029546383350372827,-0.9814052669465084,1.7597284575393264,0.9695458434098086,1.7534167217066607,5.083876600842341,455.1340518841661,195.58923240508102,25218.579352287372
