a,action_name,rmse_zscore_between_style0_and_style1
0,action_0,1.9745281570468975
1,action_1,0.5825166878375087
2,action_2,2.583686056935808
3,action_3,0.7289259721066598
4,action_4,2.1706635148124858
