a,action_name,rmse_zscore_between_style0_and_style1
0,action_0,0.7091806808338184
1,action_1,1.3735801194240733
2,action_2,1.4290928799877014
