a,action_name,rmse_raw_between_style0_and_style1
0,action_0,0.5695668658809487
1,action_1,1.981390671378607
2,action_2,1.2161389104187714
3,action_3,0.2864277983497292
