a,action_name,rmse_zscore_between_style0_and_style1
0,action_0,1.9750618034049328
1,action_1,0.5805108217632808
2,action_2,2.5808984734312603
3,action_3,0.7101566455242354
4,action_4,2.171777635581888
