a,action_name,rmse_zscore_between_style0_and_style1
0,action_0,1.4173921025566625
1,action_1,1.4685123182809283
2,action_2,0.6997688659501012
3,action_3,0.8178508004830016
