n_lc,vehicle_count,vehicle_pct
0,44406,87.85786360128999
1,5848,11.570346041984052
2,278,0.5500267099301585
3,11,0.021763646795797637
