s,style_name,mass,mass_frac,vx_last_mean,vx_last_std,vx_slope_mean,vx_slope_std,ax_last_mean,ax_last_std,vy_last_mean,vy_last_std,vy_slope_mean,vy_slope_std,ay_last_mean,ay_last_std,ax_neg_frac_mean,ax_neg_frac_std,ax_pos_frac_mean,ax_pos_frac_std,ax_zero_frac_mean,ax_zero_frac_std,ay_neg_frac_mean,ay_neg_frac_std,ay_pos_frac_mean,ay_pos_frac_std,ay_zero_frac_mean,ay_zero_frac_std,jerk_x_p95_mean,jerk_x_p95_std,jerk_y_p95_mean,jerk_y_p95_std,lc_left_present_mean,lc_left_present_std,lc_right_present_mean,lc_right_present_std,d_left_lane_last_mean,d_left_lane_last_std,d_left_lane_min_mean,d_left_lane_min_std,d_right_lane_last_mean,d_right_lane_last_std,d_right_lane_min_mean,d_right_lane_min_std,front_exists_frac_mean,front_exists_frac_std,left_side_exists_frac_mean,left_side_exists_frac_std,right_side_exists_frac_mean,right_side_exists_frac_std,left_front_exists_frac_mean,left_front_exists_frac_std,right_front_exists_frac_mean,right_front_exists_frac_std,front_dx_min_mean,front_dx_min_std,front_dvx_slope_mean,front_dvx_slope_std,left_side_dy_last_mean,left_side_dy_last_std,right_side_dy_last_mean,right_side_dy_last_std,front_thw_last_mean,front_thw_last_std,front_ttc_min_mean,front_ttc_min_std
0,dummy,1201096.0022907713,1.0,25.957468585851153,7.96785951263336,-0.00041191071069784593,0.013067195423786272,-0.006177774295497599,0.33660848198861537,0.008746586443377035,0.1646517853355062,2.4096297336091242e-05,0.003271619681396754,0.0017615827540086995,0.07393795175864622,0.4727586971505064,0.4566263231005004,0.510047922777892,0.45729344970944186,0.017193380071606156,0.054849645470237074,0.4387012695212207,0.39389580541510155,0.45568963679211394,0.39542233801819615,0.10560909368667096,0.1639919217506023,0.15212440344552572,0.1680110976758108,0.10594678735673074,0.12119702489472328,0.0074898259451507245,0.08621907244027896,0.008935172526840963,0.09410279070652766,1.9234252924477397,0.42386455347063484,1.8165266599232792,0.45375803547177523,1.9025216843427795,0.4135730949224405,1.8052037347881185,0.4463836267478214,0.8482537118912454,0.3275869616714743,0.1551629678699024,0.31960939642727315,0.1528870131592197,0.31763546071947224,0.5707182442005359,0.4776984845098634,0.6260542869593513,0.4693132284113992,54.60283697255531,48.8450129405483,0.0009325224832099026,0.029546383361479852,-0.9814052668555002,1.7597284574431462,0.969545843694748,1.7534167218869716,5.083876604337647,455.1340521295336,195.58923258643486,25218.579365897996
