s,style_name,mass,mass_frac,vx_last_mean,vx_last_std,vx_slope_mean,vx_slope_std,ax_last_mean,ax_last_std,vy_last_mean,vy_last_std,vy_slope_mean,vy_slope_std,ay_last_mean,ay_last_std,ax_neg_frac_mean,ax_neg_frac_std,ax_pos_frac_mean,ax_pos_frac_std,ax_zero_frac_mean,ax_zero_frac_std,ay_neg_frac_mean,ay_neg_frac_std,ay_pos_frac_mean,ay_pos_frac_std,ay_zero_frac_mean,ay_zero_frac_std,jerk_x_p95_mean,jerk_x_p95_std,jerk_y_p95_mean,jerk_y_p95_std,lc_left_present_mean,lc_left_present_std,lc_right_present_mean,lc_right_present_std,d_left_lane_last_mean,d_left_lane_last_std,d_left_lane_min_mean,d_left_lane_min_std,d_right_lane_last_mean,d_right_lane_last_std,d_right_lane_min_mean,d_right_lane_min_std,front_exists_frac_mean,front_exists_frac_std,left_side_exists_frac_mean,left_side_exists_frac_std,right_side_exists_frac_mean,right_side_exists_frac_std,left_front_exists_frac_mean,left_front_exists_frac_std,right_front_exists_frac_mean,right_front_exists_frac_std,front_dx_min_mean,front_dx_min_std,front_dvx_slope_mean,front_dvx_slope_std,left_side_dy_last_mean,left_side_dy_last_std,right_side_dy_last_mean,right_side_dy_last_std,front_thw_last_mean,front_thw_last_std,front_ttc_min_mean,front_ttc_min_std
0,dummy,1201096.0023265218,1.0,25.95746858731924,7.967859511911212,-0.00041191071023482395,0.013067195425316685,-0.006177774272705911,0.33660848201489263,0.008746586463292268,0.16465178544226036,2.4096297326285802e-05,0.0032716196824316463,0.0017615827541539201,0.07393795179424151,0.47275869709656054,0.45662632322815333,0.5100479228567718,0.45729344983936016,0.01719338004666122,0.05484964550109369,0.43870126952249056,0.39389580543197267,0.45568963682403174,0.39542233803683885,0.10560909365346757,0.16399192172294016,0.15212440341463637,0.16801109762941271,0.10594678735979643,0.12119702489748474,0.007489825950851636,0.08621907247284434,0.008935172554168095,0.09410279084913123,1.9234252925840354,0.423864553582349,1.8165266600068735,0.4537580356374526,1.9025216842596968,0.4135730950163071,1.8052037346087897,0.4463836268553553,0.8482537113571684,0.3275869622006323,0.15516296792943593,0.319609396482247,0.1528870130655829,0.3176354606378545,0.5707182441804132,0.4776984844884734,0.6260542865095087,0.4693132285163703,54.60283697082332,48.8450129686705,0.0009325224835998602,0.02954638336021822,-0.981405267252726,1.759728457738759,0.9695458431974986,1.7534167215941332,5.083876604128997,455.1340521227643,195.58923256587636,25218.57936550796
