a,action_name,rmse_zscore_between_style0_and_style1
0,action_0,0.6918328801086578
1,action_1,1.6383046970583022
2,action_2,0.6190067900838376
3,action_3,0.9919842039266364
