a,action_name,rmse_zscore_between_style0_and_style1
0,action_0,0.6598028148516943
1,action_1,1.562063918546202
2,action_2,0.6501589955985047
3,action_3,0.9458921373367466
