meta_drivingDirection,side,count,pct_within_split
1.0,left,1564,45.08503891611415
1.0,right,1905,54.91496108388585
1.0,unknown,0,0.0
2.0,left,1408,47.43935309973046
2.0,right,1560,52.56064690026954
2.0,unknown,0,0.0
