side,count,pct
left,2972,46.170576355445085
right,3465,53.829423644554915
unknown,0,0.0
