lc_value,frame_count,frame_pct
-1,2972,0.015300939411780817
0,19417207,99.9668599774584
1,3465,0.017839083129818484
