This is pdfTeX, Version 3.141592653-2.6-1.40.28 (MiKTeX 25.12) (preloaded format=pdflatex 2026.4.21)  5 MAY 2026 14:03
entering extended mode
 restricted \write18 enabled.
 file:line:error style messages enabled.
 %&-line parsing enabled.
**"c:/Users/amalj/OneDrive/Desktop/Master's Thesis/Implementation/paper/asmeconf/asmeconf-template.tex"
(c:/Users/amalj/OneDrive/Desktop/Master's Thesis/Implementation/paper/asmeconf/asmeconf-template.tex
LaTeX2e <2025-11-01>
L3 programming layer <2025-12-24>
(C:\Users\amalj\AppData\Local\Programs\MiKTeX\tex/latex/latex-lab\documentmetadata-support.ltx (C:\Users\amalj\AppData\Local\Programs\MiKTeX\tex/latex/pdfmanagement-testphase\pdfmanagement-testphase.sty
Package: pdfmanagement-testphase 2026-01-23 v0.96y LaTeX PDF management bundle
 (C:\Users\amalj\AppData\Local\Programs\MiKTeX\tex/latex/tagpdf\tagpdf-base.sty
Package: tagpdf-base 2026-04-11 v1.0a part of tagpdf - provide base, no-op versions of the user commands 
\c@g__tag_MCID_abs_int=\count275
\c@g__tag_struct_abs_int=\count276
) (C:\Users\amalj\AppData\Local\Programs\MiKTeX\tex/latex/pdfmanagement-testphase\pdfmanagement.ltx
File: pdfmanagement.ltx 2026-01-23 v0.96y PDF management code
\g__pdfmanagement_EmbeddedFiles_int=\count277
\l__pdfmeta_xmp_indent_int=\count278
\g_pdffile_embed_pdfa_int=\count279
\g_pdffile_embed_nonpdfa_int=\count280
))) (C:\Users\amalj\AppData\Local\Programs\MiKTeX\tex/latex/l3backend\l3backend-pdftex.def
File: l3backend-pdftex.def 2025-10-09 L3 backend support: PDF output (pdfTeX)
\l__color_backend_stack_int=\count281
) (C:\Users\amalj\AppData\Local\Programs\MiKTeX\tex/latex/pdfmanagement-testphase\l3backend-testphase-pdftex.def
File: l3backend-testphase-pdftex.def 2026-01-23 v0.96y LaTeX PDF management bundle backend support:PDFoutput(pdfTeX)
\l__pdf_backend_tmpa_box=\box53
\l__pdf_backend_tmpb_box=\box54
\g__pdf_backend_resourceid_int=\count282
\g__pdf_backend_name_int=\count283
\g__pdf_backend_page_int=\count284
) (C:\Users\amalj\AppData\Local\Programs\MiKTeX\tex/latex/latex-lab\latex-lab-testphase-latest.sty
Package: latex-lab-testphase-latest 2025-09-13 v0.1d latex-lab modules
 (C:\Users\amalj\AppData\Local\Programs\MiKTeX\tex/latex/tagpdf\tagpdf.sty
Package: tagpdf 2026-04-11 v1.0a  LaTeX kernel code for PDF tagging 
\l__tag_tmpa_int=\count285
\l__tag_tmpa_box=\box55
\l__tag_tmpb_box=\box56
\l__tag_loglevel_int=\count286
\g__tag_unique_cnt_int=\count287
\l__tag_tag_stop_int=\count288
 (C:\Users\amalj\AppData\Local\Programs\MiKTeX\tex/latex/tagpdf\tagpdf-mc-code-generic.sty
Package: tagpdf-mc-code-generic 2026-04-11 v1.0a part of tagpdf - code related to marking chunks - generic mode
\g__tag_mc_marks=\marks4
)
\g__tag_tree_id_pad_int=\count289
\c@g__tag_parenttree_obj_int=\count290

Package tagpdf Info: reading namespace definitions tagpdf-ns-pdf.def


Package tagpdf Info: reading namespace definitions tagpdf-ns-pdf2.def


Package tagpdf Info: reading namespace definitions tagpdf-ns-mathml.def


Package tagpdf Info: reading namespace definitions tagpdf-ns-latex-book.def


Package tagpdf Info: reading namespace definitions tagpdf-ns-latex.def


Package tagpdf Info: reading namespace definitions tagpdf-ns-latex-lab.def


Package tagpdf Info: reading namespace definitions tagpdf-ns-pdf.def


Package tagpdf Info: reading namespace definitions tagpdf-ns-pdf2.def

\g__tag_struct_AFobj_int=\count291
\g__tag_para_begin_int=\count292
\g__tag_para_end_int=\count293
\g__tag_para_main_begin_int=\count294
\g__tag_para_main_end_int=\count295
) (C:\Users\amalj\AppData\Local\Programs\MiKTeX\tex/latex/latex-lab\latex-lab-testphase-names.sty
Package: latex-lab-testphase-names 2025-08-14 v0.8f Code related to the names of tags
) (C:\Users\amalj\AppData\Local\Programs\MiKTeX\tex/latex/latex-lab\latex-lab-testphase-new-or-2.sty
Package: latex-lab-testphase-new-or-2 2025-05-10 v0.86d Changes to the output routine
 (C:\Users\amalj\AppData\Local\Programs\MiKTeX\tex/latex/latex-lab\latex-lab-footnotes.ltx
File: latex-lab-footnotes.ltx 2025-07-04 v0.8o changes to the footnote interfaces
\footnotemargin=\dimen148
\g_fnote_id_int=\count296
)) (C:\Users\amalj\AppData\Local\Programs\MiKTeX\tex/latex/latex-lab\latex-lab-testphase-block.sty
Package: latex-lab-testphase-block 2025-07-26 v0.9k blockenv implementation
 (C:\Users\amalj\AppData\Local\Programs\MiKTeX\tex/latex/latex-lab\latex-lab-kernel-changes.sty
Package: latex-lab-kernel-changes 2025-07-09 v0.85i General kernel and class changes
 (C:\Users\amalj\AppData\Local\Programs\MiKTeX\tex/latex/latex-lab\glyphtounicode-cmex.tex)) (C:\Users\amalj\AppData\Local\Programs\MiKTeX\tex/latex/latex-lab\latex-lab-testphase-context.sty
Package: latex-lab-testphase-context 2025-10-09 v0.5b Providing context for instance, etc.
)

LaTeX template Info: Declaring template type 'blockenv' taking 1 argument(s)
(template)           on line 96.


LaTeX template Info: Declaring template type 'block' taking 1 argument(s) on
(template)           line 97.


LaTeX template Info: Declaring template type 'para' taking 1 argument(s) on
(template)           line 98.


LaTeX template Info: Declaring template type 'list' taking 1 argument(s) on
(template)           line 99.


LaTeX template Info: Declaring template type 'item' taking 1 argument(s) on
(template)           line 100.

\c@maxblocklevels=\count297
\l__par_start_skip=\skip49
\l__block_botsep_skip=\skip50
\l__block_parbotsep_skip=\skip51
\l__block_parindent_dim=\dimen149
\l__block_counter_start_int=\count298
\l__block_one_label_box=\box57
\g__block_labels_box=\box58
\l__block_tmpa_skip=\skip52
\l__block_topsepadd_skip=\skip53
\l__block_effective_top_skip=\skip54
LaTeX Info: Redefining \centering on input line 1476.
LaTeX Info: Redefining \raggedleft on input line 1477.
LaTeX Info: Redefining \raggedright on input line 1478.
) (C:\Users\amalj\AppData\Local\Programs\MiKTeX\tex/latex/latex-lab\latex-lab-testphase-sec.sty
Package: latex-lab-testphase-sec 2025-10-20 v0.84k Code related to the tagging of sectioning commands
) (C:\Users\amalj\AppData\Local\Programs\MiKTeX\tex/latex/latex-lab\latex-lab-testphase-toc.sty
Package: latex-lab-testphase-toc 2025-07-02 v0.85h  Code related to the tagging of toc-like lists
\g__tag_toc_level_int=\count299
) (C:\Users\amalj\AppData\Local\Programs\MiKTeX\tex/latex/latex-lab\latex-lab-testphase-minipage.sty
Package: latex-lab-testphase-minipage 2025-05-10 v0.81g Code related to the tagging of minipages and parboxes
 (C:\Users\amalj\AppData\Local\Programs\MiKTeX\tex/latex/latex-lab\latex-lab-testphase-new-or-1.sty
Package: latex-lab-testphase-new-or-1 2025-05-10 v0.85d Temporary output patches for tagging and better link support -- no longer active
)) (C:\Users\amalj\AppData\Local\Programs\MiKTeX\tex/latex/latex-lab\latex-lab-testphase-graphic.sty
Package: latex-lab-testphase-graphic 2025-09-25 v0.80i Code related to the tagging of graphics
\g__tag_graphic_int=\count300
) (C:\Users\amalj\AppData\Local\Programs\MiKTeX\tex/latex/latex-lab\latex-lab-testphase-float.sty
Package: latex-lab-testphase-float 2025-10-17 v0.81l Code related to the tagging of floats
\g__tag_float_int=\count301
) (C:\Users\amalj\AppData\Local\Programs\MiKTeX\tex/latex/latex-lab\latex-lab-testphase-bib.sty
Package: latex-lab-testphase-bib 2025-05-09 v0.81c Code related to the tagging of bibliography and cite command
) (C:\Users\amalj\AppData\Local\Programs\MiKTeX\tex/latex/latex-lab\latex-lab-testphase-text.sty
Package: latex-lab-testphase-text 2025-05-10 v0.85f Code related to the tagging of various small text commands
LaTeX Info: Redefining \mbox on input line 84.
) (C:\Users\amalj\AppData\Local\Programs\MiKTeX\tex/latex/latex-lab\latex-lab-testphase-marginpar.sty
Package: latex-lab-testphase-marginpar 2025-07-23 v0.85h Changes related to the tagging of the margin notes
\g__kernel_marginpar_int=\count302
) (C:\Users\amalj\AppData\Local\Programs\MiKTeX\tex/latex/latex-lab\latex-lab-testphase-title.sty
Package: latex-lab-testphase-title 2025-03-08 v0.85d Changes related to the tagging of the title
) (C:\Users\amalj\AppData\Local\Programs\MiKTeX\tex/latex/latex-lab\latex-lab-testphase-table.sty
Package: latex-lab-testphase-table 2025-08-01 v0.85s Code related to the tagging of tables
 (C:\Users\amalj\AppData\Local\Programs\MiKTeX\tex/latex/tools\array.sty
Package: array 2025/09/25 v2.6n Tabular extension package (FMi)
\col@sep=\dimen150
\ar@mcellbox=\box59
\extrarowheight=\dimen151
\NC@list=\toks17
\extratabsurround=\skip55
\backup@length=\skip56
\ar@cellbox=\box60
)) (C:\Users\amalj\AppData\Local\Programs\MiKTeX\tex/latex/latex-lab\latex-lab-testphase-math.sty
Package: latex-lab-testphase-math 2025-03-10 v0.8d code related to the math tagging
 (C:\Users\amalj\AppData\Local\Programs\MiKTeX\tex/latex/latex-lab\latex-lab-math.ltx
File: latex-lab-math.ltx 2025-10-02 v0.6w Grab all the math(s) and tag it (experiments)
\l__math_tmpa_skip=\skip57
\g__math_mathml_total_int=\count303
\g__math_mathml_int=\count304
\g__math_math_total_int=\count305
\g__math_mathml_AF_found_int=\count306
\g__math_mathml_AF_attached_int=\count307
\l__math_tmpa_box=\box61
\l__math_mathstyle_int=\count308
\g__math_mathchoice_int=\count309
\l__math_grab_env_int=\count310
\g__math_postdisplaypenalty_int=\count311
) (C:\Users\amalj\AppData\Local\Programs\MiKTeX\tex/latex/latex-lab\latex-lab-mathpkg.ltx
File: latex-lab-mathpkg.ltx 2025-06-20 v0.1c mathpkg adaptions
) (C:\Users\amalj\AppData\Local\Programs\MiKTeX\tex/latex/latex-lab\latex-lab-mathintent.ltx
File: latex-lab-mathintent.ltx 2025-08-03 v0.1c MathML intent attributes
)) (C:\Users\amalj\AppData\Local\Programs\MiKTeX\tex/latex/latex-lab\latex-lab-testphase-firstaid.sty
Package: latex-lab-testphase-firstaid 2025-11-03 v2025-11-03 Temporary patches to external packages needed for the tagging project
) (C:\Users\amalj\AppData\Local\Programs\MiKTeX\tex/latex/latex-lab\latex-lab-testphase-tikz.sty
Package: latex-lab-testphase-tikz 2025-09-27 v0.80d Code related to the tagging of tikz pictures
)) (C:\Users\amalj\AppData\Local\Programs\MiKTeX\tex/latex/pdfmanagement-testphase\pdfmanagement-firstaid.sty
Package: pdfmanagement-firstaid 2026-01-23 v0.96y LaTeX PDF management bundle / firstaid-patches

Package pdfmanagement Info: loading pdfmanagement firstaid code for pgf

) (asmeconf.cls
Document Class: asmeconf 2026/01/10 ASME Conference Paper LaTeX Template (JHL)
(C:\Users\amalj\AppData\Local\Programs\MiKTeX\tex/latex/base\article.cls
Document Class: article 2025/01/22 v1.4n Standard LaTeX document class
(C:\Users\amalj\AppData\Local\Programs\MiKTeX\tex/latex/base\size10.clo
File: size10.clo 2025/01/22 v1.4n Standard LaTeX file (size option)
)
\c@part=\count312
\c@section=\count313
\c@subsection=\count314
\c@subsubsection=\count315
\c@paragraph=\count316
\c@subparagraph=\count317
\c@figure=\count318
\c@table=\count319
\abovecaptionskip=\skip58
\belowcaptionskip=\skip59
\bibindent=\dimen152
) (C:\Users\amalj\AppData\Local\Programs\MiKTeX\tex/latex/etoolbox\etoolbox.sty
Package: etoolbox 2025/10/02 v2.5m e-TeX tools for LaTeX (JAW)
\etb@tempcnta=\count320
)

If you see an error "Use of \??? doesn't match its definition...Misplaced '=' in key-value input", remove the deprecated option [mathalfa=ccc=ddd] from \documentclass.


Class asmeconf Warning: Selecting US English as babel's primary language, since main= not set on input line 340.


Class asmeconf Info: Allowing hyphenation of typewriter font.

(C:\Users\amalj\AppData\Local\Programs\MiKTeX\tex/latex/geometry\geometry.sty
Package: geometry 2026/03/07 v6.0 Page Geometry
 (C:\Users\amalj\AppData\Local\Programs\MiKTeX\tex/latex/graphics\keyval.sty
Package: keyval 2022/05/29 v1.15 key=value parser (DPC)
\KV@toks@=\toks18
) (C:\Users\amalj\AppData\Local\Programs\MiKTeX\tex/generic/iftex\ifvtex.sty
Package: ifvtex 2019/10/25 v1.7 ifvtex legacy package. Use iftex instead.
 (C:\Users\amalj\AppData\Local\Programs\MiKTeX\tex/generic/iftex\iftex.sty
Package: iftex 2024/12/12 v1.0g TeX engine tests
))
\Gm@cnth=\count321
\Gm@cntv=\count322
\c@Gm@tempcnt=\count323
\Gm@bindingoffset=\dimen153
\Gm@wd@mp=\dimen154
\Gm@odd@mp=\dimen155
\Gm@even@mp=\dimen156
\Gm@layoutwidth=\dimen157
\Gm@layoutheight=\dimen158
\Gm@layouthoffset=\dimen159
\Gm@layoutvoffset=\dimen160
\Gm@dimlist=\toks19
 (C:\Users\amalj\AppData\Local\Programs\MiKTeX\tex/latex/geometry\geometry.cfg)) (C:\Users\amalj\AppData\Local\Programs\MiKTeX\tex/latex/graphics\graphicx.sty
Package: graphicx 2024/12/31 v1.2e Enhanced LaTeX Graphics (DPC,SPQR)
 (C:\Users\amalj\AppData\Local\Programs\MiKTeX\tex/latex/graphics\graphics.sty
Package: graphics 2024/08/06 v1.4g Standard LaTeX Graphics (DPC,SPQR)
 (C:\Users\amalj\AppData\Local\Programs\MiKTeX\tex/latex/graphics\trig.sty
Package: trig 2023/12/02 v1.11 sin cos tan (DPC)
) (C:\Users\amalj\AppData\Local\Programs\MiKTeX\tex/latex/graphics-cfg\graphics.cfg
File: graphics.cfg 2016/06/04 v1.11 sample graphics configuration
)
Package graphics Info: Driver file: pdftex.def on input line 106.
 (C:\Users\amalj\AppData\Local\Programs\MiKTeX\tex/latex/graphics-def\pdftex.def
File: pdftex.def 2025/09/29 v1.2d Graphics/color driver for pdftex
))
\Gin@req@height=\dimen161
\Gin@req@width=\dimen162
) (C:\Users\amalj\AppData\Local\Programs\MiKTeX\tex/latex/xcolor\xcolor.sty
Package: xcolor 2024/09/29 v3.02 LaTeX color extensions (UK)
 (C:\Users\amalj\AppData\Local\Programs\MiKTeX\tex/latex/graphics-cfg\color.cfg
File: color.cfg 2016/01/02 v1.6 sample color configuration
)
Package xcolor Info: Driver file: pdftex.def on input line 274.
 (C:\Users\amalj\AppData\Local\Programs\MiKTeX\tex/latex/graphics\mathcolor.ltx)
Package xcolor Info: Model `cmy' substituted by `cmy0' on input line 1349.
Package xcolor Info: Model `hsb' substituted by `rgb' on input line 1353.
Package xcolor Info: Model `RGB' extended on input line 1365.
Package xcolor Info: Model `HTML' substituted by `rgb' on input line 1367.
Package xcolor Info: Model `Hsb' substituted by `hsb' on input line 1368.
Package xcolor Info: Model `tHsb' substituted by `hsb' on input line 1369.
Package xcolor Info: Model `HSB' substituted by `hsb' on input line 1370.
Package xcolor Info: Model `Gray' substituted by `gray' on input line 1371.
Package xcolor Info: Model `wave' substituted by `hsb' on input line 1372.
) (C:\Users\amalj\AppData\Local\Programs\MiKTeX\tex/latex/pdfmanagement-testphase\xcolor-patches-tmp-ltx.sty
Package: xcolor-patches-tmp-ltx 2026-01-23 v0.96y patch xcolor for l3color
) (C:\Users\amalj\AppData\Local\Programs\MiKTeX\tex/latex/graphics\dvipsnam.def
File: dvipsnam.def 2016/06/17 v3.0m Driver-dependent file (DPC,SPQR)
) (C:\Users\amalj\AppData\Local\Programs\MiKTeX\tex/latex/xcolor\svgnam.def
File: svgnam.def 2024/09/29 v3.02 Predefined colors according to SVG 1.1 (UK)
) (C:\Users\amalj\AppData\Local\Programs\MiKTeX\tex/latex/xcolor\x11nam.def
File: x11nam.def 2024/09/29 v3.02 Predefined colors according to Unix/X11 (UK)
) (C:\Users\amalj\AppData\Local\Programs\MiKTeX\tex/latex/natbib\natbib.sty
Package: natbib 2010/09/13 8.31b (PWD, AO)
\bibhang=\skip60
\bibsep=\skip61
LaTeX Info: Redefining \cite on input line 694.
\c@NAT@ctr=\count324
) (C:\Users\amalj\AppData\Local\Programs\MiKTeX\tex/latex/booktabs\booktabs.sty
Package: booktabs 2020/01/12 v1.61803398 Publication quality tables
\heavyrulewidth=\dimen163
\lightrulewidth=\dimen164
\cmidrulewidth=\dimen165
\belowrulesep=\dimen166
\belowbottomsep=\dimen167
\aboverulesep=\dimen168
\abovetopsep=\dimen169
\cmidrulesep=\dimen170
\cmidrulekern=\dimen171
\defaultaddspace=\dimen172
\@cmidla=\count325
\@cmidlb=\count326
\@aboverulesep=\dimen173
\@belowrulesep=\dimen174
\@thisruleclass=\count327
\@lastruleclass=\count328
\@thisrulewidth=\dimen175
) (C:\Users\amalj\AppData\Local\Programs\MiKTeX\tex/latex/tools\dcolumn.sty
Package: dcolumn 2025/10/21 v1.06 decimal alignment package (DPC)
) (C:\Users\amalj\AppData\Local\Programs\MiKTeX\tex/latex/caption\caption.sty
Package: caption 2023/08/05 v3.6o Customizing captions (AR)
 (C:\Users\amalj\AppData\Local\Programs\MiKTeX\tex/latex/caption\caption3.sty
Package: caption3 2023/07/31 v2.4d caption3 kernel (AR)
\caption@tempdima=\dimen176
\captionmargin=\dimen177
\caption@leftmargin=\dimen178
\caption@rightmargin=\dimen179
\caption@width=\dimen180
\caption@indent=\dimen181
\caption@parindent=\dimen182
\caption@hangindent=\dimen183
Package caption Info: Standard document class detected.
)
\c@caption@flags=\count329
\c@continuedfloat=\count330
) (C:\Users\amalj\AppData\Local\Programs\MiKTeX\tex/latex/caption\subcaption.sty
Package: subcaption 2023/07/28 v1.6b Sub-captions (AR)
Package caption Info: New subtype `subfigure' on input line 238.
\c@subfigure=\count331
Package caption Info: New subtype `subtable' on input line 238.
\c@subtable=\count332
) (C:\Users\amalj\AppData\Local\Programs\MiKTeX\tex/latex/mathtools\mathtools.sty
Package: mathtools 2024/10/04 v1.31 mathematical typesetting tools
 (C:\Users\amalj\AppData\Local\Programs\MiKTeX\tex/latex/tools\calc.sty
Package: calc 2025/03/01 v4.3b Infix arithmetic (KKT,FJ)
\calc@Acount=\count333
\calc@Bcount=\count334
\calc@Adimen=\dimen184
\calc@Bdimen=\dimen185
\calc@Askip=\skip62
\calc@Bskip=\skip63
LaTeX Info: Redefining \setlength on input line 86.
LaTeX Info: Redefining \addtolength on input line 87.
\calc@Ccount=\count335
\calc@Cskip=\skip64
) (C:\Users\amalj\AppData\Local\Programs\MiKTeX\tex/latex/mathtools\mhsetup.sty
Package: mhsetup 2021/03/18 v1.4 programming setup (MH)
) (C:\Users\amalj\AppData\Local\Programs\MiKTeX\tex/latex/amsmath\amsmath.sty
Package: amsmath 2025/07/09 v2.17z AMS math features
\@mathmargin=\skip65

For additional information on amsmath, use the `?' option.
(C:\Users\amalj\AppData\Local\Programs\MiKTeX\tex/latex/amsmath\amstext.sty
Package: amstext 2024/11/17 v2.01 AMS text
 (C:\Users\amalj\AppData\Local\Programs\MiKTeX\tex/latex/amsmath\amsgen.sty
File: amsgen.sty 1999/11/30 v2.0 generic functions
\@emptytoks=\toks20
\ex@=\dimen186
)) (C:\Users\amalj\AppData\Local\Programs\MiKTeX\tex/latex/amsmath\amsbsy.sty
Package: amsbsy 1999/11/29 v1.2d Bold Symbols
\pmbraise@=\dimen187
) (C:\Users\amalj\AppData\Local\Programs\MiKTeX\tex/latex/amsmath\amsopn.sty
Package: amsopn 2022/04/08 v2.04 operator names
)
\inf@bad=\count336
LaTeX Info: Redefining \frac on input line 233.
\uproot@=\count337
\leftroot@=\count338
LaTeX Info: Redefining \overline on input line 398.
LaTeX Info: Redefining \colon on input line 409.
\classnum@=\count339
\DOTSCASE@=\count340
LaTeX Info: Redefining \ldots on input line 495.
LaTeX Info: Redefining \dots on input line 498.
LaTeX Info: Redefining \cdots on input line 619.
\Mathstrutbox@=\box62
\strutbox@=\box63
LaTeX Info: Redefining \big on input line 721.
LaTeX Info: Redefining \Big on input line 722.
LaTeX Info: Redefining \bigg on input line 723.
LaTeX Info: Redefining \Bigg on input line 724.
\big@size=\dimen188
LaTeX Font Info:    Redeclaring font encoding OML on input line 742.
LaTeX Font Info:    Redeclaring font encoding OMS on input line 743.
\macc@depth=\count341
LaTeX Info: Redefining \bmod on input line 904.
LaTeX Info: Redefining \pmod on input line 909.
LaTeX Info: Redefining \smash on input line 939.
LaTeX Info: Redefining \relbar on input line 969.
LaTeX Info: Redefining \Relbar on input line 970.
\c@MaxMatrixCols=\count342
\dotsspace@=\muskip17
\c@parentequation=\count343
\dspbrk@lvl=\count344
\tag@help=\toks21
\row@=\count345
\column@=\count346
\maxfields@=\count347
\andhelp@=\toks22
\eqnshift@=\dimen189
\alignsep@=\dimen190
\tagshift@=\dimen191
\tagwidth@=\dimen192
\totwidth@=\dimen193
\lineht@=\dimen194
\@envbody=\toks23
\multlinegap=\skip66
\multlinetaggap=\skip67
\mathdisplay@stack=\toks24
LaTeX Info: Redefining \[ on input line 2950.
LaTeX Info: Redefining \] on input line 2951.
) (C:\Users\amalj\AppData\Local\Programs\MiKTeX\tex/latex/latex-lab\latex-lab-amsmath.ltx
File: latex-lab-amsmath.ltx 2025-09-29 v0.1i amsmath adaptions
LaTeX Info: Redefining \eqref on input line 57.
)
\g_MT_multlinerow_int=\count348
\l_MT_multwidth_dim=\dimen195
\origjot=\skip68
\l_MT_shortvdotswithinadjustabove_dim=\dimen196
\l_MT_shortvdotswithinadjustbelow_dim=\dimen197
\l_MT_above_intertext_sep=\dimen198
\l_MT_below_intertext_sep=\dimen199
\l_MT_above_shortintertext_sep=\dimen256
\l_MT_below_shortintertext_sep=\dimen257
\xmathstrut@box=\box64
\xmathstrut@dim=\dimen258
) (C:\Users\amalj\AppData\Local\Programs\MiKTeX\tex/latex/latex-lab\latex-lab-mathtools.ltx
File: latex-lab-mathtools.ltx 2024-07-13 v0.1a mathtools adaptions
) (C:\Users\amalj\AppData\Local\Programs\MiKTeX\tex/latex/base\fontenc.sty
Package: fontenc 2025/07/18 v2.1d Standard LaTeX package
 (C:\Users\amalj\AppData\Local\Programs\MiKTeX\tex/latex/cyrillic\t2aenc.def
File: t2aenc.def 2023/11/07 v1.0k Cyrillic encoding definition file
Now handling font encoding T2A ...
... processing UTF-8 mapping file for font encoding T2A
 (C:\Users\amalj\AppData\Local\Programs\MiKTeX\tex/latex/base\t2aenc.dfu
File: t2aenc.dfu 2022/06/07 v1.3c UTF-8 support
   defining Unicode char U+00A4 (decimal 164)
   defining Unicode char U+00A7 (decimal 167)
   defining Unicode char U+00AB (decimal 171)
   defining Unicode char U+00BB (decimal 187)
   defining Unicode char U+0131 (decimal 305)
   defining Unicode char U+0237 (decimal 567)
   defining Unicode char U+0400 (decimal 1024)
   defining Unicode char U+0401 (decimal 1025)
   defining Unicode char U+0402 (decimal 1026)
   defining Unicode char U+0403 (decimal 1027)
   defining Unicode char U+0404 (decimal 1028)
   defining Unicode char U+0405 (decimal 1029)
   defining Unicode char U+0406 (decimal 1030)
   defining Unicode char U+0407 (decimal 1031)
   defining Unicode char U+0408 (decimal 1032)
   defining Unicode char U+0409 (decimal 1033)
   defining Unicode char U+040A (decimal 1034)
   defining Unicode char U+040B (decimal 1035)
   defining Unicode char U+040C (decimal 1036)
   defining Unicode char U+040D (decimal 1037)
   defining Unicode char U+040E (decimal 1038)
   defining Unicode char U+040F (decimal 1039)
   defining Unicode char U+0410 (decimal 1040)
   defining Unicode char U+0411 (decimal 1041)
   defining Unicode char U+0412 (decimal 1042)
   defining Unicode char U+0413 (decimal 1043)
   defining Unicode char U+0414 (decimal 1044)
   defining Unicode char U+0415 (decimal 1045)
   defining Unicode char U+0416 (decimal 1046)
   defining Unicode char U+0417 (decimal 1047)
   defining Unicode char U+0418 (decimal 1048)
   defining Unicode char U+0419 (decimal 1049)
   defining Unicode char U+041A (decimal 1050)
   defining Unicode char U+041B (decimal 1051)
   defining Unicode char U+041C (decimal 1052)
   defining Unicode char U+041D (decimal 1053)
   defining Unicode char U+041E (decimal 1054)
   defining Unicode char U+041F (decimal 1055)
   defining Unicode char U+0420 (decimal 1056)
   defining Unicode char U+0421 (decimal 1057)
   defining Unicode char U+0422 (decimal 1058)
   defining Unicode char U+0423 (decimal 1059)
   defining Unicode char U+0424 (decimal 1060)
   defining Unicode char U+0425 (decimal 1061)
   defining Unicode char U+0426 (decimal 1062)
   defining Unicode char U+0427 (decimal 1063)
   defining Unicode char U+0428 (decimal 1064)
   defining Unicode char U+0429 (decimal 1065)
   defining Unicode char U+042A (decimal 1066)
   defining Unicode char U+042B (decimal 1067)
   defining Unicode char U+042C (decimal 1068)
   defining Unicode char U+042D (decimal 1069)
   defining Unicode char U+042E (decimal 1070)
   defining Unicode char U+042F (decimal 1071)
   defining Unicode char U+0430 (decimal 1072)
   defining Unicode char U+0431 (decimal 1073)
   defining Unicode char U+0432 (decimal 1074)
   defining Unicode char U+0433 (decimal 1075)
   defining Unicode char U+0434 (decimal 1076)
   defining Unicode char U+0435 (decimal 1077)
   defining Unicode char U+0436 (decimal 1078)
   defining Unicode char U+0437 (decimal 1079)
   defining Unicode char U+0438 (decimal 1080)
   defining Unicode char U+0439 (decimal 1081)
   defining Unicode char U+043A (decimal 1082)
   defining Unicode char U+043B (decimal 1083)
   defining Unicode char U+043C (decimal 1084)
   defining Unicode char U+043D (decimal 1085)
   defining Unicode char U+043E (decimal 1086)
   defining Unicode char U+043F (decimal 1087)
   defining Unicode char U+0440 (decimal 1088)
   defining Unicode char U+0441 (decimal 1089)
   defining Unicode char U+0442 (decimal 1090)
   defining Unicode char U+0443 (decimal 1091)
   defining Unicode char U+0444 (decimal 1092)
   defining Unicode char U+0445 (decimal 1093)
   defining Unicode char U+0446 (decimal 1094)
   defining Unicode char U+0447 (decimal 1095)
   defining Unicode char U+0448 (decimal 1096)
   defining Unicode char U+0449 (decimal 1097)
   defining Unicode char U+044A (decimal 1098)
   defining Unicode char U+044B (decimal 1099)
   defining Unicode char U+044C (decimal 1100)
   defining Unicode char U+044D (decimal 1101)
   defining Unicode char U+044E (decimal 1102)
   defining Unicode char U+044F (decimal 1103)
   defining Unicode char U+0450 (decimal 1104)
   defining Unicode char U+0451 (decimal 1105)
   defining Unicode char U+0452 (decimal 1106)
   defining Unicode char U+0453 (decimal 1107)
   defining Unicode char U+0454 (decimal 1108)
   defining Unicode char U+0455 (decimal 1109)
   defining Unicode char U+0456 (decimal 1110)
   defining Unicode char U+0457 (decimal 1111)
   defining Unicode char U+0458 (decimal 1112)
   defining Unicode char U+0459 (decimal 1113)
   defining Unicode char U+045A (decimal 1114)
   defining Unicode char U+045B (decimal 1115)
   defining Unicode char U+045C (decimal 1116)
   defining Unicode char U+045D (decimal 1117)
   defining Unicode char U+045E (decimal 1118)
   defining Unicode char U+045F (decimal 1119)
   defining Unicode char U+0490 (decimal 1168)
   defining Unicode char U+0491 (decimal 1169)
   defining Unicode char U+0492 (decimal 1170)
   defining Unicode char U+0493 (decimal 1171)
   defining Unicode char U+0496 (decimal 1174)
   defining Unicode char U+0497 (decimal 1175)
   defining Unicode char U+0498 (decimal 1176)
   defining Unicode char U+0499 (decimal 1177)
   defining Unicode char U+049A (decimal 1178)
   defining Unicode char U+049B (decimal 1179)
   defining Unicode char U+049C (decimal 1180)
   defining Unicode char U+049D (decimal 1181)
   defining Unicode char U+04A0 (decimal 1184)
   defining Unicode char U+04A1 (decimal 1185)
   defining Unicode char U+04A2 (decimal 1186)
   defining Unicode char U+04A3 (decimal 1187)
   defining Unicode char U+04A4 (decimal 1188)
   defining Unicode char U+04A5 (decimal 1189)
   defining Unicode char U+04AA (decimal 1194)
   defining Unicode char U+04AB (decimal 1195)
   defining Unicode char U+04AE (decimal 1198)
   defining Unicode char U+04AF (decimal 1199)
   defining Unicode char U+04B0 (decimal 1200)
   defining Unicode char U+04B1 (decimal 1201)
   defining Unicode char U+04B2 (decimal 1202)
   defining Unicode char U+04B3 (decimal 1203)
   defining Unicode char U+04B6 (decimal 1206)
   defining Unicode char U+04B7 (decimal 1207)
   defining Unicode char U+04B8 (decimal 1208)
   defining Unicode char U+04B9 (decimal 1209)
   defining Unicode char U+04BA (decimal 1210)
   defining Unicode char U+04BB (decimal 1211)
   defining Unicode char U+04C0 (decimal 1216)
   defining Unicode char U+04C1 (decimal 1217)
   defining Unicode char U+04C2 (decimal 1218)
   defining Unicode char U+04D0 (decimal 1232)
   defining Unicode char U+04D1 (decimal 1233)
   defining Unicode char U+04D2 (decimal 1234)
   defining Unicode char U+04D3 (decimal 1235)
   defining Unicode char U+04D4 (decimal 1236)
   defining Unicode char U+04D5 (decimal 1237)
   defining Unicode char U+04D6 (decimal 1238)
   defining Unicode char U+04D7 (decimal 1239)
   defining Unicode char U+04D8 (decimal 1240)
   defining Unicode char U+04D9 (decimal 1241)
   defining Unicode char U+04DA (decimal 1242)
   defining Unicode char U+04DB (decimal 1243)
   defining Unicode char U+04DC (decimal 1244)
   defining Unicode char U+04DD (decimal 1245)
   defining Unicode char U+04DE (decimal 1246)
   defining Unicode char U+04DF (decimal 1247)
   defining Unicode char U+04E2 (decimal 1250)
   defining Unicode char U+04E3 (decimal 1251)
   defining Unicode char U+04E4 (decimal 1252)
   defining Unicode char U+04E5 (decimal 1253)
   defining Unicode char U+04E6 (decimal 1254)
   defining Unicode char U+04E7 (decimal 1255)
   defining Unicode char U+04E8 (decimal 1256)
   defining Unicode char U+04E9 (decimal 1257)
   defining Unicode char U+04EC (decimal 1260)
   defining Unicode char U+04ED (decimal 1261)
   defining Unicode char U+04EE (decimal 1262)
   defining Unicode char U+04EF (decimal 1263)
   defining Unicode char U+04F0 (decimal 1264)
   defining Unicode char U+04F1 (decimal 1265)
   defining Unicode char U+04F2 (decimal 1266)
   defining Unicode char U+04F3 (decimal 1267)
   defining Unicode char U+04F4 (decimal 1268)
   defining Unicode char U+04F5 (decimal 1269)
   defining Unicode char U+04F8 (decimal 1272)
   defining Unicode char U+04F9 (decimal 1273)
   defining Unicode char U+200C (decimal 8204)
   defining Unicode char U+2013 (decimal 8211)
   defining Unicode char U+2014 (decimal 8212)
   defining Unicode char U+2018 (decimal 8216)
   defining Unicode char U+2019 (decimal 8217)
   defining Unicode char U+201C (decimal 8220)
   defining Unicode char U+201D (decimal 8221)
   defining Unicode char U+201E (decimal 8222)
   defining Unicode char U+2030 (decimal 8240)
   defining Unicode char U+2031 (decimal 8241)
   defining Unicode char U+2116 (decimal 8470)
   defining Unicode char U+2329 (decimal 9001)
   defining Unicode char U+3008 (decimal 12296)
   defining Unicode char U+232A (decimal 9002)
   defining Unicode char U+3009 (decimal 12297)
   defining Unicode char U+2423 (decimal 9251)
   defining Unicode char U+27E8 (decimal 10216)
   defining Unicode char U+27E9 (decimal 10217)
   defining Unicode char U+FB00 (decimal 64256)
   defining Unicode char U+FB01 (decimal 64257)
   defining Unicode char U+FB02 (decimal 64258)
   defining Unicode char U+FB03 (decimal 64259)
   defining Unicode char U+FB04 (decimal 64260)
   defining Unicode char U+FB05 (decimal 64261)
   defining Unicode char U+FB06 (decimal 64262)
)) (C:\Users\amalj\AppData\Local\Programs\MiKTeX\tex/latex/vntex\t5enc.def
File: t5enc.def 2006/11/21 v1.4 Vietnamese T5 encoding
Now handling font encoding T5 ...
... processing UTF-8 mapping file for font encoding T5
 (C:\Users\amalj\AppData\Local\Programs\MiKTeX\tex/latex/vntex\t5enc.dfu
File: t5enc.dfu 2006/08/19 v1.1 UTF8 support for Vietnamese
   defining Unicode char U+00AB (decimal 171)
   defining Unicode char U+00BB (decimal 187)
   defining Unicode char U+00C0 (decimal 192)
   defining Unicode char U+00C1 (decimal 193)
   defining Unicode char U+00C2 (decimal 194)
   defining Unicode char U+00C3 (decimal 195)
   defining Unicode char U+00C8 (decimal 200)
   defining Unicode char U+00C9 (decimal 201)
   defining Unicode char U+00CA (decimal 202)
   defining Unicode char U+00CC (decimal 204)
   defining Unicode char U+00CD (decimal 205)
   defining Unicode char U+00D2 (decimal 210)
   defining Unicode char U+00D3 (decimal 211)
   defining Unicode char U+00D4 (decimal 212)
   defining Unicode char U+00D5 (decimal 213)
   defining Unicode char U+00D9 (decimal 217)
   defining Unicode char U+00DA (decimal 218)
   defining Unicode char U+00DD (decimal 221)
   defining Unicode char U+00E0 (decimal 224)
   defining Unicode char U+00E1 (decimal 225)
   defining Unicode char U+00E2 (decimal 226)
   defining Unicode char U+00E3 (decimal 227)
   defining Unicode char U+00E8 (decimal 232)
   defining Unicode char U+00E9 (decimal 233)
   defining Unicode char U+00EA (decimal 234)
   defining Unicode char U+00EC (decimal 236)
   defining Unicode char U+00ED (decimal 237)
   defining Unicode char U+00F2 (decimal 242)
   defining Unicode char U+00F3 (decimal 243)
   defining Unicode char U+00F4 (decimal 244)
   defining Unicode char U+00F5 (decimal 245)
   defining Unicode char U+00F9 (decimal 249)
   defining Unicode char U+00FA (decimal 250)
   defining Unicode char U+00FD (decimal 253)
   defining Unicode char U+0102 (decimal 258)
   defining Unicode char U+0103 (decimal 259)
   defining Unicode char U+0110 (decimal 272)
   defining Unicode char U+0111 (decimal 273)
   defining Unicode char U+0128 (decimal 296)
   defining Unicode char U+0129 (decimal 297)
   defining Unicode char U+0131 (decimal 305)
   defining Unicode char U+0168 (decimal 360)
   defining Unicode char U+0169 (decimal 361)
   defining Unicode char U+01A0 (decimal 416)
   defining Unicode char U+01A1 (decimal 417)
   defining Unicode char U+01AF (decimal 431)
   defining Unicode char U+01B0 (decimal 432)
   defining Unicode char U+1EA0 (decimal 7840)
   defining Unicode char U+1EA1 (decimal 7841)
   defining Unicode char U+1EA2 (decimal 7842)
   defining Unicode char U+1EA3 (decimal 7843)
   defining Unicode char U+1EA4 (decimal 7844)
   defining Unicode char U+1EA5 (decimal 7845)
   defining Unicode char U+1EA6 (decimal 7846)
   defining Unicode char U+1EA7 (decimal 7847)
   defining Unicode char U+1EA8 (decimal 7848)
   defining Unicode char U+1EA9 (decimal 7849)
   defining Unicode char U+1EAA (decimal 7850)
   defining Unicode char U+1EAB (decimal 7851)
   defining Unicode char U+1EAC (decimal 7852)
   defining Unicode char U+1EAD (decimal 7853)
   defining Unicode char U+1EAE (decimal 7854)
   defining Unicode char U+1EAF (decimal 7855)
   defining Unicode char U+1EB0 (decimal 7856)
   defining Unicode char U+1EB1 (decimal 7857)
   defining Unicode char U+1EB2 (decimal 7858)
   defining Unicode char U+1EB3 (decimal 7859)
   defining Unicode char U+1EB4 (decimal 7860)
   defining Unicode char U+1EB5 (decimal 7861)
   defining Unicode char U+1EB6 (decimal 7862)
   defining Unicode char U+1EB7 (decimal 7863)
   defining Unicode char U+1EB8 (decimal 7864)
   defining Unicode char U+1EB9 (decimal 7865)
   defining Unicode char U+1EBA (decimal 7866)
   defining Unicode char U+1EBB (decimal 7867)
   defining Unicode char U+1EBC (decimal 7868)
   defining Unicode char U+1EBD (decimal 7869)
   defining Unicode char U+1EBE (decimal 7870)
   defining Unicode char U+1EBF (decimal 7871)
   defining Unicode char U+1EC0 (decimal 7872)
   defining Unicode char U+1EC1 (decimal 7873)
   defining Unicode char U+1EC2 (decimal 7874)
   defining Unicode char U+1EC3 (decimal 7875)
   defining Unicode char U+1EC4 (decimal 7876)
   defining Unicode char U+1EC5 (decimal 7877)
   defining Unicode char U+1EC6 (decimal 7878)
   defining Unicode char U+1EC7 (decimal 7879)
   defining Unicode char U+1EC8 (decimal 7880)
   defining Unicode char U+1EC9 (decimal 7881)
   defining Unicode char U+1ECA (decimal 7882)
   defining Unicode char U+1ECB (decimal 7883)
   defining Unicode char U+1ECC (decimal 7884)
   defining Unicode char U+1ECD (decimal 7885)
   defining Unicode char U+1ECE (decimal 7886)
   defining Unicode char U+1ECF (decimal 7887)
   defining Unicode char U+1ED0 (decimal 7888)
   defining Unicode char U+1ED1 (decimal 7889)
   defining Unicode char U+1ED2 (decimal 7890)
   defining Unicode char U+1ED3 (decimal 7891)
   defining Unicode char U+1ED4 (decimal 7892)
   defining Unicode char U+1ED5 (decimal 7893)
   defining Unicode char U+1ED6 (decimal 7894)
   defining Unicode char U+1ED7 (decimal 7895)
   defining Unicode char U+1ED8 (decimal 7896)
   defining Unicode char U+1ED9 (decimal 7897)
   defining Unicode char U+1EDA (decimal 7898)
   defining Unicode char U+1EDB (decimal 7899)
   defining Unicode char U+1EDC (decimal 7900)
   defining Unicode char U+1EDD (decimal 7901)
   defining Unicode char U+1EDE (decimal 7902)
   defining Unicode char U+1EDF (decimal 7903)
   defining Unicode char U+1EE0 (decimal 7904)
   defining Unicode char U+1EE1 (decimal 7905)
   defining Unicode char U+1EE2 (decimal 7906)
   defining Unicode char U+1EE3 (decimal 7907)
   defining Unicode char U+1EE4 (decimal 7908)
   defining Unicode char U+1EE5 (decimal 7909)
   defining Unicode char U+1EE6 (decimal 7910)
   defining Unicode char U+1EE7 (decimal 7911)
   defining Unicode char U+1EE8 (decimal 7912)
   defining Unicode char U+1EE9 (decimal 7913)
   defining Unicode char U+1EEA (decimal 7914)
   defining Unicode char U+1EEB (decimal 7915)
   defining Unicode char U+1EEC (decimal 7916)
   defining Unicode char U+1EED (decimal 7917)
   defining Unicode char U+1EEE (decimal 7918)
   defining Unicode char U+1EEF (decimal 7919)
   defining Unicode char U+1EF0 (decimal 7920)
   defining Unicode char U+1EF1 (decimal 7921)
   defining Unicode char U+1EF2 (decimal 7922)
   defining Unicode char U+1EF3 (decimal 7923)
   defining Unicode char U+1EF4 (decimal 7924)
   defining Unicode char U+1EF5 (decimal 7925)
   defining Unicode char U+1EF6 (decimal 7926)
   defining Unicode char U+1EF7 (decimal 7927)
   defining Unicode char U+1EF8 (decimal 7928)
   defining Unicode char U+1EF9 (decimal 7929)
   defining Unicode char U+200C (decimal 8204)
   defining Unicode char U+2013 (decimal 8211)
   defining Unicode char U+2014 (decimal 8212)
   defining Unicode char U+2018 (decimal 8216)
   defining Unicode char U+2019 (decimal 8217)
   defining Unicode char U+201A (decimal 8218)
   defining Unicode char U+201C (decimal 8220)
   defining Unicode char U+201D (decimal 8221)
   defining Unicode char U+201E (decimal 8222)
   defining Unicode char U+2030 (decimal 8240)
   defining Unicode char U+2031 (decimal 8241)
   defining Unicode char U+2039 (decimal 8249)
   defining Unicode char U+203A (decimal 8250)
   defining Unicode char U+2423 (decimal 9251)
)) (C:\Users\amalj\AppData\Local\Programs\MiKTeX\tex/latex/greek-fontenc\lgrenc.def
File: lgrenc.def 2023-09-12 2.5 LGR Greek font encoding definitions
Now handling font encoding LGR ...
... processing UTF-8 mapping file for font encoding LGR
 (C:\Users\amalj\AppData\Local\Programs\MiKTeX\tex/latex/greek-inputenc\lgrenc.dfu
File: lgrenc.dfu 2023-03-21 1.9 UTF-8 support for Greek
   defining Unicode char U+00A8 (decimal 168)
   defining Unicode char U+00AB (decimal 171)
   defining Unicode char U+00AF (decimal 175)
   defining Unicode char U+00B4 (decimal 180)
   defining Unicode char U+00B7 (decimal 183)
   defining Unicode char U+00BB (decimal 187)
   defining Unicode char U+0259 (decimal 601)
   defining Unicode char U+02D8 (decimal 728)
   defining Unicode char U+0374 (decimal 884)
   defining Unicode char U+0375 (decimal 885)
   defining Unicode char U+037A (decimal 890)
   defining Unicode char U+037E (decimal 894)
   defining Unicode char U+0384 (decimal 900)
   defining Unicode char U+0385 (decimal 901)
   defining Unicode char U+0386 (decimal 902)
   defining Unicode char U+0387 (decimal 903)
   defining Unicode char U+0388 (decimal 904)
   defining Unicode char U+0389 (decimal 905)
   defining Unicode char U+038A (decimal 906)
   defining Unicode char U+038C (decimal 908)
   defining Unicode char U+038E (decimal 910)
   defining Unicode char U+038F (decimal 911)
   defining Unicode char U+0390 (decimal 912)
   defining Unicode char U+0391 (decimal 913)
   defining Unicode char U+0392 (decimal 914)
   defining Unicode char U+0393 (decimal 915)
   defining Unicode char U+0394 (decimal 916)
   defining Unicode char U+0395 (decimal 917)
   defining Unicode char U+0396 (decimal 918)
   defining Unicode char U+0397 (decimal 919)
   defining Unicode char U+0398 (decimal 920)
   defining Unicode char U+0399 (decimal 921)
   defining Unicode char U+039A (decimal 922)
   defining Unicode char U+039B (decimal 923)
   defining Unicode char U+039C (decimal 924)
   defining Unicode char U+039D (decimal 925)
   defining Unicode char U+039E (decimal 926)
   defining Unicode char U+039F (decimal 927)
   defining Unicode char U+03A0 (decimal 928)
   defining Unicode char U+03A1 (decimal 929)
   defining Unicode char U+03A3 (decimal 931)
   defining Unicode char U+03A4 (decimal 932)
   defining Unicode char U+03A5 (decimal 933)
   defining Unicode char U+03A6 (decimal 934)
   defining Unicode char U+03A7 (decimal 935)
   defining Unicode char U+03A8 (decimal 936)
   defining Unicode char U+03A9 (decimal 937)
   defining Unicode char U+03AA (decimal 938)
   defining Unicode char U+03AB (decimal 939)
   defining Unicode char U+03AC (decimal 940)
   defining Unicode char U+03AD (decimal 941)
   defining Unicode char U+03AE (decimal 942)
   defining Unicode char U+03AF (decimal 943)
   defining Unicode char U+03B0 (decimal 944)
   defining Unicode char U+03B1 (decimal 945)
   defining Unicode char U+03B2 (decimal 946)
   defining Unicode char U+03B3 (decimal 947)
   defining Unicode char U+03B4 (decimal 948)
   defining Unicode char U+03B5 (decimal 949)
   defining Unicode char U+03B6 (decimal 950)
   defining Unicode char U+03B7 (decimal 951)
   defining Unicode char U+03B8 (decimal 952)
   defining Unicode char U+03B9 (decimal 953)
   defining Unicode char U+03BA (decimal 954)
   defining Unicode char U+03BB (decimal 955)
   defining Unicode char U+03BC (decimal 956)
   defining Unicode char U+03BD (decimal 957)
   defining Unicode char U+03BE (decimal 958)
   defining Unicode char U+03BF (decimal 959)
   defining Unicode char U+03C0 (decimal 960)
   defining Unicode char U+03C1 (decimal 961)
   defining Unicode char U+03C2 (decimal 962)
   defining Unicode char U+03C3 (decimal 963)
   defining Unicode char U+03C4 (decimal 964)
   defining Unicode char U+03C5 (decimal 965)
   defining Unicode char U+03C6 (decimal 966)
   defining Unicode char U+03C7 (decimal 967)
   defining Unicode char U+03C8 (decimal 968)
   defining Unicode char U+03C9 (decimal 969)
   defining Unicode char U+03CA (decimal 970)
   defining Unicode char U+03CB (decimal 971)
   defining Unicode char U+03CC (decimal 972)
   defining Unicode char U+03CD (decimal 973)
   defining Unicode char U+03CE (decimal 974)
   defining Unicode char U+03D0 (decimal 976)
   defining Unicode char U+03D1 (decimal 977)
   defining Unicode char U+03D5 (decimal 981)
   defining Unicode char U+03D6 (decimal 982)
   defining Unicode char U+03D8 (decimal 984)
   defining Unicode char U+03D9 (decimal 985)
   defining Unicode char U+03DA (decimal 986)
   defining Unicode char U+03DB (decimal 987)
   defining Unicode char U+03DC (decimal 988)
   defining Unicode char U+03DD (decimal 989)
   defining Unicode char U+03DE (decimal 990)
   defining Unicode char U+03DF (decimal 991)
   defining Unicode char U+03E0 (decimal 992)
   defining Unicode char U+03E1 (decimal 993)
   defining Unicode char U+03F0 (decimal 1008)
   defining Unicode char U+03F1 (decimal 1009)
   defining Unicode char U+03F4 (decimal 1012)
   defining Unicode char U+03F5 (decimal 1013)
   defining Unicode char U+1F00 (decimal 7936)
   defining Unicode char U+1F01 (decimal 7937)
   defining Unicode char U+1F02 (decimal 7938)
   defining Unicode char U+1F03 (decimal 7939)
   defining Unicode char U+1F04 (decimal 7940)
   defining Unicode char U+1F05 (decimal 7941)
   defining Unicode char U+1F06 (decimal 7942)
   defining Unicode char U+1F07 (decimal 7943)
   defining Unicode char U+1F08 (decimal 7944)
   defining Unicode char U+1F09 (decimal 7945)
   defining Unicode char U+1F0A (decimal 7946)
   defining Unicode char U+1F0B (decimal 7947)
   defining Unicode char U+1F0C (decimal 7948)
   defining Unicode char U+1F0D (decimal 7949)
   defining Unicode char U+1F0E (decimal 7950)
   defining Unicode char U+1F0F (decimal 7951)
   defining Unicode char U+1F10 (decimal 7952)
   defining Unicode char U+1F11 (decimal 7953)
   defining Unicode char U+1F12 (decimal 7954)
   defining Unicode char U+1F13 (decimal 7955)
   defining Unicode char U+1F14 (decimal 7956)
   defining Unicode char U+1F15 (decimal 7957)
   defining Unicode char U+1F18 (decimal 7960)
   defining Unicode char U+1F19 (decimal 7961)
   defining Unicode char U+1F1A (decimal 7962)
   defining Unicode char U+1F1B (decimal 7963)
   defining Unicode char U+1F1C (decimal 7964)
   defining Unicode char U+1F1D (decimal 7965)
   defining Unicode char U+1F20 (decimal 7968)
   defining Unicode char U+1F21 (decimal 7969)
   defining Unicode char U+1F22 (decimal 7970)
   defining Unicode char U+1F23 (decimal 7971)
   defining Unicode char U+1F24 (decimal 7972)
   defining Unicode char U+1F25 (decimal 7973)
   defining Unicode char U+1F26 (decimal 7974)
   defining Unicode char U+1F27 (decimal 7975)
   defining Unicode char U+1F28 (decimal 7976)
   defining Unicode char U+1F29 (decimal 7977)
   defining Unicode char U+1F2A (decimal 7978)
   defining Unicode char U+1F2B (decimal 7979)
   defining Unicode char U+1F2C (decimal 7980)
   defining Unicode char U+1F2D (decimal 7981)
   defining Unicode char U+1F2E (decimal 7982)
   defining Unicode char U+1F2F (decimal 7983)
   defining Unicode char U+1F30 (decimal 7984)
   defining Unicode char U+1F31 (decimal 7985)
   defining Unicode char U+1F32 (decimal 7986)
   defining Unicode char U+1F33 (decimal 7987)
   defining Unicode char U+1F34 (decimal 7988)
   defining Unicode char U+1F35 (decimal 7989)
   defining Unicode char U+1F36 (decimal 7990)
   defining Unicode char U+1F37 (decimal 7991)
   defining Unicode char U+1F38 (decimal 7992)
   defining Unicode char U+1F39 (decimal 7993)
   defining Unicode char U+1F3A (decimal 7994)
   defining Unicode char U+1F3B (decimal 7995)
   defining Unicode char U+1F3C (decimal 7996)
   defining Unicode char U+1F3D (decimal 7997)
   defining Unicode char U+1F3E (decimal 7998)
   defining Unicode char U+1F3F (decimal 7999)
   defining Unicode char U+1F40 (decimal 8000)
   defining Unicode char U+1F41 (decimal 8001)
   defining Unicode char U+1F42 (decimal 8002)
   defining Unicode char U+1F43 (decimal 8003)
   defining Unicode char U+1F44 (decimal 8004)
   defining Unicode char U+1F45 (decimal 8005)
   defining Unicode char U+1F48 (decimal 8008)
   defining Unicode char U+1F49 (decimal 8009)
   defining Unicode char U+1F4A (decimal 8010)
   defining Unicode char U+1F4B (decimal 8011)
   defining Unicode char U+1F4C (decimal 8012)
   defining Unicode char U+1F4D (decimal 8013)
   defining Unicode char U+1F50 (decimal 8016)
   defining Unicode char U+1F51 (decimal 8017)
   defining Unicode char U+1F52 (decimal 8018)
   defining Unicode char U+1F53 (decimal 8019)
   defining Unicode char U+1F54 (decimal 8020)
   defining Unicode char U+1F55 (decimal 8021)
   defining Unicode char U+1F56 (decimal 8022)
   defining Unicode char U+1F57 (decimal 8023)
   defining Unicode char U+1F59 (decimal 8025)
   defining Unicode char U+1F5B (decimal 8027)
   defining Unicode char U+1F5D (decimal 8029)
   defining Unicode char U+1F5F (decimal 8031)
   defining Unicode char U+1F60 (decimal 8032)
   defining Unicode char U+1F61 (decimal 8033)
   defining Unicode char U+1F62 (decimal 8034)
   defining Unicode char U+1F63 (decimal 8035)
   defining Unicode char U+1F64 (decimal 8036)
   defining Unicode char U+1F65 (decimal 8037)
   defining Unicode char U+1F66 (decimal 8038)
   defining Unicode char U+1F67 (decimal 8039)
   defining Unicode char U+1F68 (decimal 8040)
   defining Unicode char U+1F69 (decimal 8041)
   defining Unicode char U+1F6A (decimal 8042)
   defining Unicode char U+1F6B (decimal 8043)
   defining Unicode char U+1F6C (decimal 8044)
   defining Unicode char U+1F6D (decimal 8045)
   defining Unicode char U+1F6E (decimal 8046)
   defining Unicode char U+1F6F (decimal 8047)
   defining Unicode char U+1F70 (decimal 8048)
   defining Unicode char U+1F71 (decimal 8049)
   defining Unicode char U+1F72 (decimal 8050)
   defining Unicode char U+1F73 (decimal 8051)
   defining Unicode char U+1F74 (decimal 8052)
   defining Unicode char U+1F75 (decimal 8053)
   defining Unicode char U+1F76 (decimal 8054)
   defining Unicode char U+1F77 (decimal 8055)
   defining Unicode char U+1F78 (decimal 8056)
   defining Unicode char U+1F79 (decimal 8057)
   defining Unicode char U+1F7A (decimal 8058)
   defining Unicode char U+1F7B (decimal 8059)
   defining Unicode char U+1F7C (decimal 8060)
   defining Unicode char U+1F7D (decimal 8061)
   defining Unicode char U+1F80 (decimal 8064)
   defining Unicode char U+1F81 (decimal 8065)
   defining Unicode char U+1F82 (decimal 8066)
   defining Unicode char U+1F83 (decimal 8067)
   defining Unicode char U+1F84 (decimal 8068)
   defining Unicode char U+1F85 (decimal 8069)
   defining Unicode char U+1F86 (decimal 8070)
   defining Unicode char U+1F87 (decimal 8071)
   defining Unicode char U+1F88 (decimal 8072)
   defining Unicode char U+1F89 (decimal 8073)
   defining Unicode char U+1F8A (decimal 8074)
   defining Unicode char U+1F8B (decimal 8075)
   defining Unicode char U+1F8C (decimal 8076)
   defining Unicode char U+1F8D (decimal 8077)
   defining Unicode char U+1F8E (decimal 8078)
   defining Unicode char U+1F8F (decimal 8079)
   defining Unicode char U+1F90 (decimal 8080)
   defining Unicode char U+1F91 (decimal 8081)
   defining Unicode char U+1F92 (decimal 8082)
   defining Unicode char U+1F93 (decimal 8083)
   defining Unicode char U+1F94 (decimal 8084)
   defining Unicode char U+1F95 (decimal 8085)
   defining Unicode char U+1F96 (decimal 8086)
   defining Unicode char U+1F97 (decimal 8087)
   defining Unicode char U+1F98 (decimal 8088)
   defining Unicode char U+1F99 (decimal 8089)
   defining Unicode char U+1F9A (decimal 8090)
   defining Unicode char U+1F9B (decimal 8091)
   defining Unicode char U+1F9C (decimal 8092)
   defining Unicode char U+1F9D (decimal 8093)
   defining Unicode char U+1F9E (decimal 8094)
   defining Unicode char U+1F9F (decimal 8095)
   defining Unicode char U+1FA0 (decimal 8096)
   defining Unicode char U+1FA1 (decimal 8097)
   defining Unicode char U+1FA2 (decimal 8098)
   defining Unicode char U+1FA3 (decimal 8099)
   defining Unicode char U+1FA4 (decimal 8100)
   defining Unicode char U+1FA5 (decimal 8101)
   defining Unicode char U+1FA6 (decimal 8102)
   defining Unicode char U+1FA7 (decimal 8103)
   defining Unicode char U+1FA8 (decimal 8104)
   defining Unicode char U+1FA9 (decimal 8105)
   defining Unicode char U+1FAA (decimal 8106)
   defining Unicode char U+1FAB (decimal 8107)
   defining Unicode char U+1FAC (decimal 8108)
   defining Unicode char U+1FAD (decimal 8109)
   defining Unicode char U+1FAE (decimal 8110)
   defining Unicode char U+1FAF (decimal 8111)
   defining Unicode char U+1FB0 (decimal 8112)
   defining Unicode char U+1FB1 (decimal 8113)
   defining Unicode char U+1FB2 (decimal 8114)
   defining Unicode char U+1FB3 (decimal 8115)
   defining Unicode char U+1FB4 (decimal 8116)
   defining Unicode char U+1FB6 (decimal 8118)
   defining Unicode char U+1FB7 (decimal 8119)
   defining Unicode char U+1FB8 (decimal 8120)
   defining Unicode char U+1FB9 (decimal 8121)
   defining Unicode char U+1FBA (decimal 8122)
   defining Unicode char U+1FBB (decimal 8123)
   defining Unicode char U+1FBC (decimal 8124)
   defining Unicode char U+1FBD (decimal 8125)
   defining Unicode char U+1FBE (decimal 8126)
   defining Unicode char U+1FBF (decimal 8127)
   defining Unicode char U+1FC0 (decimal 8128)
   defining Unicode char U+1FC1 (decimal 8129)
   defining Unicode char U+1FC2 (decimal 8130)
   defining Unicode char U+1FC3 (decimal 8131)
   defining Unicode char U+1FC4 (decimal 8132)
   defining Unicode char U+1FC6 (decimal 8134)
   defining Unicode char U+1FC7 (decimal 8135)
   defining Unicode char U+1FC8 (decimal 8136)
   defining Unicode char U+1FC9 (decimal 8137)
   defining Unicode char U+1FCA (decimal 8138)
   defining Unicode char U+1FCB (decimal 8139)
   defining Unicode char U+1FCC (decimal 8140)
   defining Unicode char U+1FCD (decimal 8141)
   defining Unicode char U+1FCE (decimal 8142)
   defining Unicode char U+1FCF (decimal 8143)
   defining Unicode char U+1FD0 (decimal 8144)
   defining Unicode char U+1FD1 (decimal 8145)
   defining Unicode char U+1FD2 (decimal 8146)
   defining Unicode char U+1FD3 (decimal 8147)
   defining Unicode char U+1FD6 (decimal 8150)
   defining Unicode char U+1FD7 (decimal 8151)
   defining Unicode char U+1FD8 (decimal 8152)
   defining Unicode char U+1FD9 (decimal 8153)
   defining Unicode char U+1FDA (decimal 8154)
   defining Unicode char U+1FDB (decimal 8155)
   defining Unicode char U+1FDD (decimal 8157)
   defining Unicode char U+1FDE (decimal 8158)
   defining Unicode char U+1FDF (decimal 8159)
   defining Unicode char U+1FE0 (decimal 8160)
   defining Unicode char U+1FE1 (decimal 8161)
   defining Unicode char U+1FE2 (decimal 8162)
   defining Unicode char U+1FE3 (decimal 8163)
   defining Unicode char U+1FE4 (decimal 8164)
   defining Unicode char U+1FE5 (decimal 8165)
   defining Unicode char U+1FE6 (decimal 8166)
   defining Unicode char U+1FE7 (decimal 8167)
   defining Unicode char U+1FE8 (decimal 8168)
   defining Unicode char U+1FE9 (decimal 8169)
   defining Unicode char U+1FEA (decimal 8170)
   defining Unicode char U+1FEB (decimal 8171)
   defining Unicode char U+1FEC (decimal 8172)
   defining Unicode char U+1FED (decimal 8173)
   defining Unicode char U+1FEE (decimal 8174)
   defining Unicode char U+1FEF (decimal 8175)
   defining Unicode char U+1FF2 (decimal 8178)
   defining Unicode char U+1FF3 (decimal 8179)
   defining Unicode char U+1FF4 (decimal 8180)
   defining Unicode char U+1FF6 (decimal 8182)
   defining Unicode char U+1FF7 (decimal 8183)
   defining Unicode char U+1FF8 (decimal 8184)
   defining Unicode char U+1FF9 (decimal 8185)
   defining Unicode char U+1FFA (decimal 8186)
   defining Unicode char U+1FFB (decimal 8187)
   defining Unicode char U+1FFC (decimal 8188)
   defining Unicode char U+1FFD (decimal 8189)
   defining Unicode char U+1FFE (decimal 8190)
   defining Unicode char U+2013 (decimal 8211)
   defining Unicode char U+2014 (decimal 8212)
   defining Unicode char U+2018 (decimal 8216)
   defining Unicode char U+2019 (decimal 8217)
   defining Unicode char U+201A (decimal 8218)
   defining Unicode char U+2030 (decimal 8240)
   defining Unicode char U+2039 (decimal 8249)
   defining Unicode char U+203A (decimal 8250)
   defining Unicode char U+20AC (decimal 8364)
   defining Unicode char U+2126 (decimal 8486)
   defining Unicode char U+10144 (decimal 65860)
   defining Unicode char U+10145 (decimal 65861)
   defining Unicode char U+10146 (decimal 65862)
   defining Unicode char U+10147 (decimal 65863)
) (C:\Users\amalj\AppData\Local\Programs\MiKTeX\tex/latex/greek-fontenc\greek-fontenc.def
File: greek-fontenc.def 2023-09-12 2.5 Common Greek font encoding definitions
LaTeX Encoding Info:    Ignoring declaration for text command \accACUTE (encoding LGR) on input line 251.
LaTeX Encoding Info:    Ignoring declaration for text command \accGRAVE (encoding LGR) on input line 259.
LaTeX Encoding Info:    Ignoring declaration for text command \accTILDE (encoding LGR) on input line 267.
))) (C:\Users\amalj\AppData\Local\Programs\MiKTeX\tex/generic/babel\babel.sty
Package: babel 2025/12/11 v25.17 The multilingual framework for LuaLaTeX, pdfLaTeX and XeLaTeX
\babel@savecnt=\count349
LaTeX Encoding Info:    Redeclaring text command \ij (encoding OT1) on input line 2068.
LaTeX Encoding Info:    Redeclaring text command \IJ (encoding OT1) on input line 2070.
LaTeX Encoding Info:    Redeclaring text command \ij (encoding T1) on input line 2072.
LaTeX Encoding Info:    Redeclaring text command \IJ (encoding T1) on input line 2073.
LaTeX Encoding Info:    Ignoring declaration for text command \ij (encoding ?) on input line 2074.
LaTeX Encoding Info:    Ignoring declaration for text command \IJ (encoding ?) on input line 2076.
LaTeX Encoding Info:    Ignoring declaration for text command \SS (encoding ?) on input line 2101.
\U@D=\dimen259
\l@unhyphenated=\language79
 (C:\Users\amalj\AppData\Local\Programs\MiKTeX\tex/generic/babel\txtbabel.def)
\bbl@readstream=\read2
\bbl@dirlevel=\count350
Package babel Info: Configuration files are deprecated, as
(babel)             they can break document portability.
(babel)             Reported on input line 4196.

*************************************
* Local config file bblopts.cfg used
*
(C:\Users\amalj\AppData\Local\Programs\MiKTeX\tex/latex/arabi\bblopts.cfg
File: bblopts.cfg 2005/09/08 v0.1 add Arabic and Farsi to "declared" options of babel
) (C:\Users\amalj\AppData\Local\Programs\MiKTeX\tex/generic/babel/locale/el\babel-greek.tex) (C:\Users\amalj\AppData\Local\Programs\MiKTeX\tex/generic/babel/locale/ru\babel-russian.tex) (C:\Users\amalj\AppData\Local\Programs\MiKTeX\tex/generic/babel/locale/vi\babel-vietnamese.tex) (C:\Users\amalj\AppData\Local\Programs\MiKTeX\tex/generic/babel/locale/de\babel-german.tex) (C:\Users\amalj\AppData\Local\Programs\MiKTeX\tex/generic/babel/locale/el\babel-greek.tex) (C:\Users\amalj\AppData\Local\Programs\MiKTeX\tex/generic/babel/locale/vi\babel-vietnamese.tex) (C:\Users\amalj\AppData\Local\Programs\MiKTeX\tex/generic/babel/locale/ru\babel-russian.tex) (C:\Users\amalj\AppData\Local\Programs\MiKTeX\tex/generic/babel/locale/en\babel-usenglish.tex)
Package babel Info: Importing font and identification data for greek
(babel)             from babel-el.ini. Reported on input line 4320.
 (C:\Users\amalj\AppData\Local\Programs\MiKTeX\tex/latex/babel-greek\greek.ldf
Language: greek 2023/10/13 1.15 Greek support for the babel system
\bbl@monogreek=\count351
\bbl@polygreek=\count352
\bbl@ancientgreek=\count353
LaTeX Encoding Info:    Ignoring declaration for text command \textmugreek (encoding LGR) on input line 638.
)
Package babel Info: Importing font and identification data for russian
(babel)             from babel-ru.ini. Reported on input line 4320.
 (C:\Users\amalj\AppData\Local\Programs\MiKTeX\tex/latex/babel-russian\russianb.ldf
File: russianb.ldf 2021/01/10 1.3m Russian support for the Babel system
Language: russian 2020/09/09 1.3k Russian support for the Babel system
Package babel Info: Making " an active character on input line 124.
Package babel Info: Default for \cyrdash is provided on input line 163.
)
Package babel Info: Importing font and identification data for vietnamese
(babel)             from babel-vi.ini. Reported on input line 4320.
 (C:\Users\amalj\AppData\Local\Programs\MiKTeX\tex/latex/babel-vietnamese\vietnamese.ldf
Language: vietnamese 


Package babel Warning: No hyphenation patterns were preloaded for
(babel)                the language 'Vietnamese' into the format.
(babel)                Please, configure your TeX system to add them and
(babel)                rebuild the format. Now I will use the patterns
(babel)                preloaded for \language=0 instead on input line 36.

Package babel Info: Hyphen rules for 'vietnamese' set to \l@english
(babel)             (\language0). Reported on input line 37.
Package babel Info: Hyphen rules for 'vietnam' set to \l@english
(babel)             (\language0). Reported on input line 38.
)

Package babel Warning: The name 'german' with the 'ldf' mechanism is
(babel)                currently assigned to the old 1901 variant of German.
(babel)                For modern post-1996 German, use the name 'ngerman'.
(babel)                Reported on input line 4320.

Package babel Info: Importing font and identification data for german
(babel)             from babel-de-1901.ini. Reported on input line 4320.
(C:\Users\amalj\AppData\Local\Programs\MiKTeX\tex/latex/babel-german\german.ldf
Language: german 
 (C:\Users\amalj\AppData\Local\Programs\MiKTeX\tex/latex/babel-german\babel-german.def))
Package babel Info: Importing font and identification data for greek
(babel)             from babel-el.ini. Reported on input line 4320.
 (C:\Users\amalj\AppData\Local\Programs\MiKTeX\tex/latex/babel-greek\greek.ldf
Language: greek 2023/10/13 1.15 Greek support for the babel system
)
Package babel Info: Importing font and identification data for vietnamese
(babel)             from babel-vi.ini. Reported on input line 4320.
 (C:\Users\amalj\AppData\Local\Programs\MiKTeX\tex/latex/babel-vietnamese\vietnamese.ldf
Language: vietnamese 
)
Package babel Info: Importing font and identification data for russian
(babel)             from babel-ru.ini. Reported on input line 4320.
 (C:\Users\amalj\AppData\Local\Programs\MiKTeX\tex/latex/babel-russian\russianb.ldf
File: russianb.ldf 2021/01/10 1.3m Russian support for the Babel system
Language: russian 2020/09/09 1.3k Russian support for the Babel system
)
Package babel Info: Importing font and identification data for USenglish
(babel)             from babel-en-US.ini. Reported on input line 4320.
 (C:\Users\amalj\AppData\Local\Programs\MiKTeX\tex/latex/babel-english\USenglish.ldf
Language: USenglish 2017/06/06 v3.3r English support from the babel system
 (C:\Users\amalj\AppData\Local\Programs\MiKTeX\tex/latex/babel-english\english.ldf
Language: english 2017/06/06 v3.3r English support from the babel system
Package babel Info: Hyphen rules for 'canadian' set to \l@english
(babel)             (\language0). Reported on input line 102.
Package babel Info: Hyphen rules for 'australian' set to \l@ukenglish
(babel)             (\language73). Reported on input line 105.
Package babel Info: Hyphen rules for 'newzealand' set to \l@ukenglish
(babel)             (\language73). Reported on input line 108.
))) (C:\Users\amalj\AppData\Local\Programs\MiKTeX\tex/latex/newtx\newtxtext.sty
Package: newtxtext 2024/04/01 v1.744(Michael Sharpe) latex and unicode latex support for TeXGyreTermesX
 `newtxtext' v1.744, 2024/04/01 Text macros taking advantage of TeXGyre Termes and its extensions (msharpe) (C:\Users\amalj\AppData\Local\Programs\MiKTeX\tex/latex/xpatch\xpatch.sty (C:\Users\amalj\AppData\Local\Programs\MiKTeX\tex/latex/l3kernel\expl3.sty
Package: expl3 2025-12-24 L3 programming layer (loader) 
)
Package: xpatch 2020/03/25 v0.3a Extending etoolbox patching commands
 (C:\Users\amalj\AppData\Local\Programs\MiKTeX\tex/latex/l3packages/xparse\xparse.sty
Package: xparse 2025-10-09 L3 Experimental document command parser
)) (C:\Users\amalj\AppData\Local\Programs\MiKTeX\tex/latex/xkeyval\xkeyval.sty
Package: xkeyval 2022/06/16 v2.9 package option processing (HA)
 (C:\Users\amalj\AppData\Local\Programs\MiKTeX\tex/generic/xkeyval\xkeyval.tex (C:\Users\amalj\AppData\Local\Programs\MiKTeX\tex/generic/xkeyval\xkvutils.tex
\XKV@toks=\toks25
\XKV@tempa@toks=\toks26
)
\XKV@depth=\count354
File: xkeyval.tex 2014/12/03 v2.7a key=value parser (HA)
)) (C:\Users\amalj\AppData\Local\Programs\MiKTeX\tex/latex/base\textcomp.sty
Package: textcomp 2024/04/24 v2.1b Standard LaTeX package
) (C:\Users\amalj\AppData\Local\Programs\MiKTeX\tex/latex/xstring\xstring.sty (C:\Users\amalj\AppData\Local\Programs\MiKTeX\tex/generic/xstring\xstring.tex
\xs_counta=\count355
\xs_countb=\count356
)
Package: xstring 2023/08/22 v1.86 String manipulations (CT)
) (C:\Users\amalj\AppData\Local\Programs\MiKTeX\tex/latex/base\ifthen.sty
Package: ifthen 2024/03/16 v1.1e Standard LaTeX ifthen package (DPC)
) (C:\Users\amalj\AppData\Local\Programs\MiKTeX\tex/latex/carlisle\scalefnt.sty)
LaTeX Font Info:    Setting ntxLF sub-encoding to TS1/0 on input line 24.
LaTeX Font Info:    Setting ntxTLF sub-encoding to TS1/0 on input line 24.
LaTeX Font Info:    Setting ntxOsF sub-encoding to TS1/0 on input line 24.
LaTeX Font Info:    Setting ntxTOsF sub-encoding to TS1/0 on input line 24.
 (C:\Users\amalj\AppData\Local\Programs\MiKTeX\tex/generic/binhex\binhex.tex)
\ntx@tmpcnta=\count357
\ntx@cnt=\count358
 (C:\Users\amalj\AppData\Local\Programs\MiKTeX\tex/latex/fontaxes\fontaxes.sty
Package: fontaxes 2026-01-02 v2.0.2 Font selection axes (deprecated)
Applying: [2024-11-01] Use figureversions if present on input line 74.
 (C:\Users\amalj\AppData\Local\Programs\MiKTeX\tex/latex/figureversions\figureversions.sty
Package: figureversions 2025-04-29 v1.0.1 Figure versions
)
Already applied: [0000-00-00] Fall back to v1 on input line 76.
)
\tx@sixem=\dimen260
\tx@y=\dimen261
\tx@x=\dimen262
\tx@tmpdima=\dimen263
\tx@tmpdimb=\dimen264
\tx@tmpdimc=\dimen265
\tx@tmpdimd=\dimen266
\tx@tmpdime=\dimen267
\tx@tmpdimf=\dimen268
\tx@dimA=\dimen269
\tx@dimAA=\dimen270
\tx@dimB=\dimen271
\tx@dimBB=\dimen272
\tx@dimC=\dimen273
LaTeX Info: Redefining \oldstylenums on input line 902.
) (C:\Users\amalj\AppData\Local\Programs\MiKTeX\tex/latex/inconsolata\inconsolata.sty
Package: inconsolata 2019/05/17 v1.12
 `inconsolata-zi4' v1.12, 2019/05/17 Text macros for Inconsolata (msharpe)
\zifour@ocount=\count359
) (C:\Users\amalj\AppData\Local\Programs\MiKTeX\tex/latex/newtx\newtxmath.sty
Package: newtxmath 2024/09/22 v1.754
 `newtxmath' v1.754, 2024/09/22 Math macros based originally on txfonts (msharpe) (C:\Users\amalj\AppData\Local\Programs\MiKTeX\tex/latex/oberdiek\centernot.sty
Package: centernot 2016/05/16 v1.4 Centers the not symbol horizontally (HO)
)
\tx@cntz=\count360
 (C:\Users\amalj\AppData\Local\Programs\MiKTeX\tex/generic/binhex\binhex.tex)
\tx@Isdigit=\count361
\tx@IsAlNum=\count362
\tx@tA=\toks27
\tx@tB=\toks28
\tx@su=\read3

amsthm NOT loaded
LaTeX Font Info:    Redeclaring symbol font `operators' on input line 402.
LaTeX Font Info:    Overwriting symbol font `operators' in version `normal'
(Font)                  OT1/cmr/m/n --> OT1/minntx/m/n on input line 402.
LaTeX Font Info:    Overwriting symbol font `operators' in version `bold'
(Font)                  OT1/cmr/bx/n --> OT1/minntx/m/n on input line 402.
LaTeX Font Info:    Overwriting symbol font `operators' in version `bold'
(Font)                  OT1/minntx/m/n --> OT1/minntx/b/n on input line 403.
LaTeX Font Info:    Redeclaring math alphabet \mathsf on input line 410.
LaTeX Font Info:    Overwriting math alphabet `\mathsf' in version `normal'
(Font)                  OT1/cmss/m/n --> OT1/qhv/m/n on input line 410.
LaTeX Font Info:    Overwriting math alphabet `\mathsf' in version `bold'
(Font)                  OT1/cmss/bx/n --> OT1/qhv/m/n on input line 410.
LaTeX Font Info:    Overwriting math alphabet `\mathsf' in version `bold'
(Font)                  OT1/qhv/m/n --> OT1/qhv/b/n on input line 412.
LaTeX Font Info:    Redeclaring math alphabet \mathit on input line 419.
LaTeX Font Info:    Overwriting math alphabet `\mathit' in version `normal'
(Font)                  OT1/cmr/m/it --> OT1/minntx/m/it on input line 419.
LaTeX Font Info:    Overwriting math alphabet `\mathit' in version `bold'
(Font)                  OT1/cmr/bx/it --> OT1/minntx/m/it on input line 419.
LaTeX Font Info:    Redeclaring math alphabet \mathtt on input line 420.
LaTeX Font Info:    Overwriting math alphabet `\mathtt' in version `normal'
(Font)                  OT1/cmtt/m/n --> T1/zi4/m/n on input line 420.
LaTeX Font Info:    Overwriting math alphabet `\mathtt' in version `bold'
(Font)                  OT1/cmtt/m/n --> T1/zi4/m/n on input line 420.
LaTeX Font Info:    Redeclaring math alphabet \mathbf on input line 422.
LaTeX Font Info:    Overwriting math alphabet `\mathbf' in version `normal'
(Font)                  OT1/cmr/bx/n --> OT1/minntx/b/n on input line 422.
LaTeX Font Info:    Overwriting math alphabet `\mathbf' in version `bold'
(Font)                  OT1/cmr/bx/n --> OT1/minntx/b/n on input line 422.
LaTeX Font Info:    Overwriting math alphabet `\mathit' in version `bold'
(Font)                  OT1/minntx/m/it --> OT1/minntx/b/it on input line 423.
LaTeX Font Info:    Overwriting math alphabet `\mathtt' in version `bold'
(Font)                  T1/zi4/m/n --> T1/zi4/b/n on input line 426.
LaTeX Font Info:    Redeclaring symbol font `letters' on input line 534.
LaTeX Font Info:    Overwriting symbol font `letters' in version `normal'
(Font)                  OML/cmm/m/it --> OML/ntxmi/m/it on input line 534.
LaTeX Font Info:    Overwriting symbol font `letters' in version `bold'
(Font)                  OML/cmm/b/it --> OML/ntxmi/m/it on input line 534.
LaTeX Font Info:    Overwriting symbol font `letters' in version `bold'
(Font)                  OML/ntxmi/m/it --> OML/ntxmi/b/it on input line 535.
\symlettersA=\mathgroup4
LaTeX Font Info:    Overwriting symbol font `lettersA' in version `bold'
(Font)                  U/ntxmia/m/it --> U/ntxmia/b/it on input line 582.
Now handling font encoding LMS ...
... no UTF-8 mapping file for font encoding LMS
LaTeX Font Info:    Redeclaring symbol font `symbols' on input line 604.
LaTeX Font Info:    Encoding `OMS' has changed to `LMS' for symbol font
(Font)              `symbols' in the math version `normal' on input line 604.
LaTeX Font Info:    Overwriting symbol font `symbols' in version `normal'
(Font)                  OMS/cmsy/m/n --> LMS/ntxsy/m/n on input line 604.
LaTeX Font Info:    Encoding `OMS' has changed to `LMS' for symbol font
(Font)              `symbols' in the math version `bold' on input line 604.
LaTeX Font Info:    Overwriting symbol font `symbols' in version `bold'
(Font)                  OMS/cmsy/b/n --> LMS/ntxsy/m/n on input line 604.
LaTeX Font Info:    Overwriting symbol font `symbols' in version `bold'
(Font)                  LMS/ntxsy/m/n --> LMS/ntxsy/b/n on input line 605.
\symAMSm=\mathgroup5
LaTeX Font Info:    Overwriting symbol font `AMSm' in version `bold'
(Font)                  U/ntxsym/m/n --> U/ntxsym/b/n on input line 630.
\symsymbolsC=\mathgroup6
LaTeX Font Info:    Overwriting symbol font `symbolsC' in version `bold'
(Font)                  U/ntxsyc/m/n --> U/ntxsyc/b/n on input line 651.
Now handling font encoding LMX ...
... no UTF-8 mapping file for font encoding LMX
LaTeX Font Info:    Redeclaring symbol font `largesymbols' on input line 664.
LaTeX Font Info:    Encoding `OMX' has changed to `LMX' for symbol font
(Font)              `largesymbols' in the math version `normal' on input line 664.
LaTeX Font Info:    Overwriting symbol font `largesymbols' in version `normal'
(Font)                  OMX/cmex/m/n --> LMX/ntxexx/m/n on input line 664.
LaTeX Font Info:    Encoding `OMX' has changed to `LMX' for symbol font
(Font)              `largesymbols' in the math version `bold' on input line 664.
LaTeX Font Info:    Overwriting symbol font `largesymbols' in version `bold'
(Font)                  OMX/cmex/m/n --> LMX/ntxexx/m/n on input line 664.
LaTeX Font Info:    Overwriting symbol font `largesymbols' in version `bold'
(Font)                  LMX/ntxexx/m/n --> LMX/ntxexx/b/n on input line 665.
\symlargesymbolsTXA=\mathgroup7
LaTeX Font Info:    Overwriting symbol font `largesymbolsTXA' in version `bold'
(Font)                  U/ntxexa/m/n --> U/ntxexa/b/n on input line 679.
\tx@sbptoks=\toks29
LaTeX Font Info:    Redeclaring math delimiter \lfloor on input line 902.
LaTeX Font Info:    Redeclaring math delimiter \rfloor on input line 903.
LaTeX Font Info:    Redeclaring math delimiter \lceil on input line 904.
LaTeX Font Info:    Redeclaring math delimiter \rceil on input line 905.
LaTeX Font Info:    Redeclaring math delimiter \lbrace on input line 910.
LaTeX Font Info:    Redeclaring math delimiter \rbrace on input line 911.
LaTeX Font Info:    Redeclaring math delimiter \langle on input line 913.
LaTeX Font Info:    Redeclaring math delimiter \rangle on input line 915.
LaTeX Font Info:    Redeclaring math delimiter \arrowvert on input line 919.
LaTeX Font Info:    Redeclaring math delimiter \vert on input line 920.
LaTeX Font Info:    Redeclaring math symbol \hbar on input line 966.
LaTeX Font Info:    Redeclaring math accent \dot on input line 991.
LaTeX Font Info:    Redeclaring math accent \ddot on input line 992.
LaTeX Font Info:    Redeclaring math accent \vec on input line 2057.
LaTeX Info: Redefining \Bbbk on input line 2847.
LaTeX Info: Redefining \not on input line 2995.
) (C:\Users\amalj\AppData\Local\Programs\MiKTeX\tex/latex/tools\bm.sty
Package: bm 2025/10/21 v1.2g Bold Symbol Support (DPC/FMi)
\symboldoperators=\mathgroup8
\symboldletters=\mathgroup9
\symboldsymbols=\mathgroup10
\symboldlargesymbols=\mathgroup11
LaTeX Font Info:    Redeclaring math alphabet \mathbf on input line 149.
)
\c@mv@sansbold=\count363
LaTeX Font Info:    Overwriting symbol font `letters' in version `sansbold'
(Font)                  OML/ntxmi/m/it --> OML/ntxsfmi/b/it on input line 1234.
LaTeX Font Info:    Overwriting symbol font `lettersA' in version `sansbold'
(Font)                  U/ntxmia/m/it --> U/ntxsfmia/b/it on input line 1235.
LaTeX Font Info:    Overwriting symbol font `symbols' in version `sansbold'
(Font)                  LMS/ntxsy/m/n --> LMS/ntxsy/b/n on input line 1236.
LaTeX Font Info:    Overwriting symbol font `largesymbols' in version `sansbold'
(Font)                  LMX/ntxexx/m/n --> LMX/ntxexx/b/n on input line 1237.
LaTeX Font Info:    Overwriting symbol font `largesymbolsTXA' in version `sansbold'
(Font)                  U/ntxexa/m/n --> U/ntxexa/b/n on input line 1238.
LaTeX Font Info:    Overwriting symbol font `operators' in version `sansbold'
(Font)                  OT1/minntx/m/n --> OT1/qhv/b/n on input line 1239.
LaTeX Font Info:    Overwriting math alphabet `\mathsf' in version `sansbold'
(Font)                  OT1/cmss/m/n --> T1/qhv/b/n on input line 1240.
\c@mv@sans=\count364
LaTeX Font Info:    Overwriting symbol font `letters' in version `sans'
(Font)                  OML/ntxmi/m/it --> OML/ntxsfmi/m/it on input line 1244.
LaTeX Font Info:    Overwriting symbol font `lettersA' in version `sans'
(Font)                  U/ntxmia/m/it --> U/ntxsfmia/m/it on input line 1245.
LaTeX Font Info:    Overwriting symbol font `symbols' in version `sans'
(Font)                  LMS/ntxsy/m/n --> LMS/ntxsy/m/n on input line 1246.
LaTeX Font Info:    Overwriting symbol font `largesymbols' in version `sans'
(Font)                  LMX/ntxexx/m/n --> LMX/ntxexx/m/n on input line 1247.
LaTeX Font Info:    Overwriting symbol font `largesymbolsTXA' in version `sans'
(Font)                  U/ntxexa/m/n --> U/ntxexa/m/n on input line 1248.
LaTeX Font Info:    Overwriting symbol font `operators' in version `sans'
(Font)                  OT1/minntx/m/n --> OT1/qhv/minntx/n on input line 1249.
LaTeX Font Info:    Overwriting math alphabet `\mathsf' in version `sans'
(Font)                  OT1/cmss/m/n --> T1/qhv/m/n on input line 1250.
 (C:\Users\amalj\AppData\Local\Programs\MiKTeX\tex/latex/fancyhdr\fancyhdr.sty
Package: fancyhdr 2025/02/07 v5.2 Extensive control of page headers and footers
\f@nch@headwidth=\skip69
\f@nch@offset@elh=\skip70
\f@nch@offset@erh=\skip71
\f@nch@offset@olh=\skip72
\f@nch@offset@orh=\skip73
\f@nch@offset@elf=\skip74
\f@nch@offset@erf=\skip75
\f@nch@offset@olf=\skip76
\f@nch@offset@orf=\skip77
\f@nch@height=\skip78
\f@nch@footalignment=\skip79
\f@nch@widthL=\skip80
\f@nch@widthC=\skip81
\f@nch@widthR=\skip82
\@temptokenb=\toks30
) (C:\Users\amalj\AppData\Local\Programs\MiKTeX\tex/latex/pdfx\glyphtounicode-cmr.tex) (C:\Users\amalj\AppData\Local\Programs\MiKTeX\tex/latex/pdfx\glyphtounicode-ntx.tex) (C:\Users\amalj\AppData\Local\Programs\MiKTeX\tex/latex/hyperref\hyperref.sty
Package: hyperref 2025-07-12 v7.01o Hypertext links for LaTeX
 (C:\Users\amalj\AppData\Local\Programs\MiKTeX\tex/latex/kvsetkeys\kvsetkeys.sty
Package: kvsetkeys 2022-10-05 v1.19 Key value parser (HO)
) (C:\Users\amalj\AppData\Local\Programs\MiKTeX\tex/generic/kvdefinekeys\kvdefinekeys.sty
Package: kvdefinekeys 2019-12-19 v1.6 Define keys (HO)
) (C:\Users\amalj\AppData\Local\Programs\MiKTeX\tex/generic/pdfescape\pdfescape.sty
Package: pdfescape 2019/12/09 v1.15 Implements pdfTeX's escape features (HO)
 (C:\Users\amalj\AppData\Local\Programs\MiKTeX\tex/generic/ltxcmds\ltxcmds.sty
Package: ltxcmds 2023-12-04 v1.26 LaTeX kernel commands for general use (HO)
) (C:\Users\amalj\AppData\Local\Programs\MiKTeX\tex/generic/pdftexcmds\pdftexcmds.sty
Package: pdftexcmds 2020-06-27 v0.33 Utility functions of pdfTeX for LuaTeX (HO)
 (C:\Users\amalj\AppData\Local\Programs\MiKTeX\tex/generic/infwarerr\infwarerr.sty
Package: infwarerr 2019/12/03 v1.5 Providing info/warning/error messages (HO)
)
Package pdftexcmds Info: \pdf@primitive is available.
Package pdftexcmds Info: \pdf@ifprimitive is available.
Package pdftexcmds Info: \pdfdraftmode found.
)) (C:\Users\amalj\AppData\Local\Programs\MiKTeX\tex/latex/hycolor\hycolor.sty
Package: hycolor 2020-01-27 v1.10 Color options for hyperref/bookmark (HO)
) (C:\Users\amalj\AppData\Local\Programs\MiKTeX\tex/latex/hyperref\nameref.sty
Package: nameref 2025-06-21 v2.57 Cross-referencing by name of section
 (C:\Users\amalj\AppData\Local\Programs\MiKTeX\tex/latex/refcount\refcount.sty
Package: refcount 2019/12/15 v3.6 Data extraction from label references (HO)
) (C:\Users\amalj\AppData\Local\Programs\MiKTeX\tex/generic/gettitlestring\gettitlestring.sty
Package: gettitlestring 2019/12/15 v1.6 Cleanup title references (HO)
 (C:\Users\amalj\AppData\Local\Programs\MiKTeX\tex/latex/kvoptions\kvoptions.sty
Package: kvoptions 2022-06-15 v3.15 Key value format for package options (HO)
))
\c@section@level=\count365
) (C:\Users\amalj\AppData\Local\Programs\MiKTeX\tex/generic/stringenc\stringenc.sty
Package: stringenc 2019/11/29 v1.12 Convert strings between diff. encodings (HO)
)
\@linkdim=\dimen274
\Hy@linkcounter=\count366
\Hy@pagecounter=\count367
 (C:\Users\amalj\AppData\Local\Programs\MiKTeX\tex/latex/hyperref\pd1enc.def
File: pd1enc.def 2025-07-12 v7.01o Hyperref: PDFDocEncoding definition (HO)
Now handling font encoding PD1 ...
... no UTF-8 mapping file for font encoding PD1
) (C:\Users\amalj\AppData\Local\Programs\MiKTeX\tex/generic/intcalc\intcalc.sty
Package: intcalc 2019/12/15 v1.3 Expandable calculations with integers (HO)
)
\Hy@SavedSpaceFactor=\count368
 (C:\Users\amalj\AppData\Local\Programs\MiKTeX\tex/latex/hyperref\puenc.def
File: puenc.def 2025-07-12 v7.01o Hyperref: PDF Unicode definition (HO)
Now handling font encoding PU ...
... no UTF-8 mapping file for font encoding PU
 (C:\Users\amalj\AppData\Local\Programs\MiKTeX\tex/latex/greek-fontenc\puenc-greek.def
File: puenc-greek.def 2023-09-12 2.5 Greek LICRs for PDF strings
 (C:\Users\amalj\AppData\Local\Programs\MiKTeX\tex/latex/greek-fontenc\greek-fontenc.def
File: greek-fontenc.def 2023-09-12 2.5 Common Greek font encoding definitions
)
LaTeX Encoding Info:    Redeclaring text command \textmu (encoding PU) on input line 179.
)
LaTeX Encoding Info:    Redeclaring text command \textohm (encoding PU) on input line 1176.
)
Package hyperref Info: Option `unicode' set `true' on input line 3160.
Package hyperref Info: Option `colorlinks' set `true' on input line 4066.
Package hyperref Info: Option `colorlinks' set `true' on input line 4066.
Package hyperref Info: Option `psdextra' set `true' on input line 4066.
 (C:\Users\amalj\AppData\Local\Programs\MiKTeX\tex/latex/hyperref\psdextra.def
File: psdextra.def 2025-07-12 v7.01o Hyperref: Additions to PDF string support
LaTeX Encoding Info:    Redeclaring text command \textGamma (encoding PU) on input line 39.
LaTeX Encoding Info:    Redeclaring text command \textDelta (encoding PU) on input line 40.
LaTeX Encoding Info:    Redeclaring text command \textTheta (encoding PU) on input line 41.
LaTeX Encoding Info:    Redeclaring text command \textLambda (encoding PU) on input line 42.
LaTeX Encoding Info:    Redeclaring text command \textXi (encoding PU) on input line 43.
LaTeX Encoding Info:    Redeclaring text command \textPi (encoding PU) on input line 44.
LaTeX Encoding Info:    Redeclaring text command \textSigma (encoding PU) on input line 45.
LaTeX Encoding Info:    Redeclaring text command \textUpsilon (encoding PU) on input line 46.
LaTeX Encoding Info:    Redeclaring text command \textPhi (encoding PU) on input line 47.
LaTeX Encoding Info:    Redeclaring text command \textChi (encoding PU) on input line 48.
LaTeX Encoding Info:    Redeclaring text command \textPsi (encoding PU) on input line 49.
LaTeX Encoding Info:    Redeclaring text command \textOmega (encoding PU) on input line 50.
LaTeX Encoding Info:    Redeclaring text command \textalpha (encoding PU) on input line 51.
LaTeX Encoding Info:    Redeclaring text command \textbeta (encoding PU) on input line 52.
LaTeX Encoding Info:    Redeclaring text command \textgamma (encoding PU) on input line 53.
LaTeX Encoding Info:    Redeclaring text command \textdelta (encoding PU) on input line 54.
LaTeX Encoding Info:    Redeclaring text command \textepsilon (encoding PU) on input line 55.
LaTeX Encoding Info:    Redeclaring text command \textzeta (encoding PU) on input line 56.
LaTeX Encoding Info:    Redeclaring text command \texteta (encoding PU) on input line 57.
LaTeX Encoding Info:    Redeclaring text command \texttheta (encoding PU) on input line 58.
LaTeX Encoding Info:    Redeclaring text command \textiota (encoding PU) on input line 59.
LaTeX Encoding Info:    Redeclaring text command \textkappa (encoding PU) on input line 60.
LaTeX Encoding Info:    Redeclaring text command \textlambda (encoding PU) on input line 61.
LaTeX Encoding Info:    Redeclaring text command \textmugreek (encoding PU) on input line 62.
LaTeX Encoding Info:    Redeclaring text command \textnu (encoding PU) on input line 63.
LaTeX Encoding Info:    Redeclaring text command \textxi (encoding PU) on input line 64.
LaTeX Encoding Info:    Redeclaring text command \textpi (encoding PU) on input line 65.
LaTeX Encoding Info:    Redeclaring text command \textrho (encoding PU) on input line 66.
LaTeX Encoding Info:    Redeclaring text command \textvarsigma (encoding PU) on input line 67.
LaTeX Encoding Info:    Redeclaring text command \textsigma (encoding PU) on input line 68.
LaTeX Encoding Info:    Redeclaring text command \texttau (encoding PU) on input line 69.
LaTeX Encoding Info:    Redeclaring text command \textupsilon (encoding PU) on input line 70.
LaTeX Encoding Info:    Redeclaring text command \textphi (encoding PU) on input line 71.
LaTeX Encoding Info:    Redeclaring text command \textchi (encoding PU) on input line 72.
LaTeX Encoding Info:    Redeclaring text command \textpsi (encoding PU) on input line 73.
LaTeX Encoding Info:    Redeclaring text command \textomega (encoding PU) on input line 74.
)
Package hyperref Info: Hyper figures OFF on input line 4195.
Package hyperref Info: Link nesting OFF on input line 4200.
Package hyperref Info: Hyper index ON on input line 4203.
Package hyperref Info: Plain pages OFF on input line 4210.
Package hyperref Info: Backreferencing OFF on input line 4215.
Package hyperref Info: Implicit mode ON; LaTeX internals redefined.
Package hyperref Info: Bookmarks ON on input line 4462.
\c@Hy@tempcnt=\count369
 (C:\Users\amalj\AppData\Local\Programs\MiKTeX\tex/latex/url\url.sty
\Urlmuskip=\muskip18
Package: url 2013/09/16  ver 3.4  Verb mode for urls, etc.
)
LaTeX Info: Redefining \url on input line 4801.
\XeTeXLinkMargin=\dimen275
 (C:\Users\amalj\AppData\Local\Programs\MiKTeX\tex/generic/bitset\bitset.sty
Package: bitset 2019/12/09 v1.3 Handle bit-vector datatype (HO)
 (C:\Users\amalj\AppData\Local\Programs\MiKTeX\tex/generic/bigintcalc\bigintcalc.sty
Package: bigintcalc 2019/12/15 v1.5 Expandable calculations on big integers (HO)
))
\Fld@menulength=\count370
\Field@Width=\dimen276
\Fld@charsize=\dimen277
Package hyperref Info: Hyper figures OFF on input line 6078.
Package hyperref Info: Link nesting OFF on input line 6083.
Package hyperref Info: Hyper index ON on input line 6086.
Package hyperref Info: backreferencing OFF on input line 6093.
Package hyperref Info: Link coloring ON on input line 6096.
Package hyperref Info: Link coloring with OCG OFF on input line 6103.
Package hyperref Info: PDF/A mode ON on input line 6106.
\Hy@abspage=\count371
\c@Item=\count372
) (C:\Users\amalj\AppData\Local\Programs\MiKTeX\tex/latex/hyperref\puvnenc.def
File: puvnenc.def 2025-07-12 v7.01o Hyperref: Additions to puenc.def for VnTeX
LaTeX Encoding Info:    Redeclaring text command \h (encoding PU) on input line 53.
LaTeX Encoding Info:    Text composite with undeclared \h in encoding PU on input line 53.
)
Package hyperref Info: Driver (custom): hgeneric-testphase.
 (C:\Users\amalj\AppData\Local\Programs\MiKTeX\tex/latex/pdfmanagement-testphase\hgeneric-testphase.def
File: hgeneric-testphase.def 2026-01-23 v0.96y generic Hyperref driver for the LaTeX PDF management bundle
 (C:\Users\amalj\AppData\Local\Programs\MiKTeX\tex/latex/pdfmanagement-testphase\hyperref-colorschemes.def)
LaTeX Info: Redefining \href on input line 262.
LaTeX Info: Redefining \url on input line 348.
\l__hyp_tmpa_box=\box65
\l__hyp_tmpa_int=\count373
\l__hyp_dest_box=\box66
\g__hyp_linknestlevel_int=\count374
\HyAnn@Count=\count375
\Fld@listcount=\count376
\Hy@SectionHShift=\skip83
) (C:\Users\amalj\AppData\Local\Programs\MiKTeX\tex/latex/doi\doi.sty
Package: doi 2018/09/09 handle doi numbers
) (C:\Users\amalj\AppData\Local\Programs\MiKTeX\tex/latex/sttools\flushend.sty
Package: flushend 2025/06/18 v4.3 Balancing columns in twocolumn mode (ST)
\flushend@@lastskip@a=\skip84
\flushend@@lastskip@b=\skip85
\flushend@@lastnode=\count377
\var@@loop@iter=\count378
\var@@temp@spread=\dimen278
\var@@temp@a=\dimen279
\var@@temp@loop=\dimen280
\flushend@@page@rule=\dimen281
\flushend@@varbox@lastpage=\box67
\flushend@@varbox@a=\box68
\flushend@@varbox@c=\box69
\flushend@@tempbox@a=\box70
\flushend@@tempbox@c=\box71
\flushend@@floatbox=\box72
\@viper=\box73
\hold@viper=\box74
\atColsBreak=\toks31
\atColsEnd=\toks32
\oldbreak@skip=\dimen282
)

Class asmeconf Info: Calling flushend package to balance column height on last page.

\nomenwidth=\skip86
\savitemsep=\skip87
\g__asmeconf_authorblock_coffin=\box75
\g__asmeconf_affiliationblock_coffin=\box76
\g__asmeconf_affiliationsblock_coffin=\box77
\g_asmeconf_count_affil_int=\count379
\symlettersAB=\mathgroup12
LaTeX Font Info:    Overwriting symbol font `lettersAB' in version `normal'
(Font)                  U/ntxsfmia/m/it --> U/ntxsfmia/m/it on input line 2340.
LaTeX Font Info:    Overwriting symbol font `lettersAB' in version `bold'
(Font)                  U/ntxsfmia/m/it --> U/ntxsfmia/b/it on input line 2341.
LaTeX Font Info:    Overwriting symbol font `lettersAB' in version `sans'
(Font)                  U/ntxsfmia/m/it --> U/ntxsfmia/b/it on input line 2342.
LaTeX Font Info:    Overwriting symbol font `lettersAB' in version `sansbold'
(Font)                  U/ntxsfmia/m/it --> U/ntxsfmia/b/it on input line 2343.
LaTeX Font Info:    Redeclaring math accent \grave on input line 2399.
LaTeX Font Info:    Redeclaring math accent \acute on input line 2400.
LaTeX Font Info:    Redeclaring math accent \check on input line 2401.
LaTeX Font Info:    Redeclaring math accent \breve on input line 2402.
LaTeX Font Info:    Redeclaring math accent \bar on input line 2403.
LaTeX Font Info:    Redeclaring math accent \mathring on input line 2404.
LaTeX Font Info:    Redeclaring math accent \hat on input line 2405.
LaTeX Font Info:    Redeclaring math accent \dot on input line 2406.
LaTeX Font Info:    Redeclaring math accent \tilde on input line 2407.
LaTeX Font Info:    Redeclaring math version `sans' on input line 2410.
LaTeX Font Info:    Overwriting symbol font `letters' in version `sans'
(Font)                  OML/ntxmi/m/it --> OML/ntxsfmi/m/it on input line 2411.
LaTeX Font Info:    Overwriting symbol font `lettersA' in version `sans'
(Font)                  U/ntxmia/m/it --> U/ntxsfmia/m/it on input line 2412.
LaTeX Font Info:    Overwriting symbol font `lettersAB' in version `sans'
(Font)                  U/ntxsfmia/m/it --> U/ntxsfmia/m/it on input line 2413.
LaTeX Font Info:    Overwriting symbol font `symbols' in version `sans'
(Font)                  LMS/ntxsy/m/n --> LMS/ntxsy/m/n on input line 2416.
LaTeX Font Info:    Overwriting symbol font `largesymbols' in version `sans'
(Font)                  LMX/ntxexx/m/n --> LMX/ntxexx/m/n on input line 2417.
LaTeX Font Info:    Overwriting symbol font `largesymbolsTXA' in version `sans'
(Font)                  U/ntxexa/m/n --> U/ntxexa/m/n on input line 2418.
LaTeX Font Info:    Overwriting symbol font `operators' in version `sans'
(Font)                  OT1/minntx/m/n --> OT1/qhv/m/n on input line 2419.
LaTeX Font Info:    Overwriting math alphabet `\mathsf' in version `sans'
(Font)                  OT1/cmss/m/n --> OT1/qhv/m/n on input line 2420.
)
LaTeX Font Info:    Trying to load font information for T1+ntxtlf on input line 50.
 (C:\Users\amalj\AppData\Local\Programs\MiKTeX\tex/latex/newtx\t1ntxtlf.fd
File: t1ntxtlf.fd 2021/05/24 v1.1 font definition file for T1/ntx/tlf
)
LaTeX Font Info:    Font shape `T1/ntxtlf/m/n' will be
(Font)              scaled to size 10.0pt on input line 50.
 (C:\Users\amalj\AppData\Local\Programs\MiKTeX\tex/latex/bookmark\bookmark.sty
Package: bookmark 2023-12-10 v1.31 PDF bookmarks (HO)
 (C:\Users\amalj\AppData\Local\Programs\MiKTeX\tex/latex/bookmark\bkm-pdftex.def
File: bkm-pdftex.def 2023-12-10 v1.31 bookmark driver for pdfTeX and luaTeX (HO)
\BKM@id=\count380
)) (asmeconf-template.aux)
\openout1 = `asmeconf-template.aux'.

LaTeX Font Info:    Checking defaults for OML/ntxmi/m/it on input line 50.
LaTeX Font Info:    Trying to load font information for OML+ntxmi on input line 50.
 (C:\Users\amalj\AppData\Local\Programs\MiKTeX\tex/latex/newtx\omlntxmi.fd
File: omlntxmi.fd 2015/08/25 Fontinst v1.933 font definitions for OML/ntxmi.
)
LaTeX Font Info:    ... okay on input line 50.
LaTeX Font Info:    Checking defaults for OMS/cmsy/m/n on input line 50.
LaTeX Font Info:    ... okay on input line 50.
LaTeX Font Info:    Checking defaults for OT1/cmr/m/n on input line 50.
LaTeX Font Info:    ... okay on input line 50.
LaTeX Font Info:    Checking defaults for T1/cmr/m/n on input line 50.
LaTeX Font Info:    ... okay on input line 50.
LaTeX Font Info:    Checking defaults for TS1/cmr/m/n on input line 50.
LaTeX Font Info:    ... okay on input line 50.
LaTeX Font Info:    Checking defaults for OMX/cmex/m/n on input line 50.
LaTeX Font Info:    ... okay on input line 50.
LaTeX Font Info:    Checking defaults for U/ntxexa/m/n on input line 50.
LaTeX Font Info:    Trying to load font information for U+ntxexa on input line 50.
 (C:\Users\amalj\AppData\Local\Programs\MiKTeX\tex/latex/newtx\untxexa.fd
File: untxexa.fd 2012/04/16 Fontinst v1.933 font definitions for U/ntxexa.
)
LaTeX Font Info:    ... okay on input line 50.
LaTeX Font Info:    Checking defaults for T2A/cmr/m/n on input line 50.
LaTeX Font Info:    Trying to load font information for T2A+cmr on input line 50.
 (C:\Users\amalj\AppData\Local\Programs\MiKTeX\tex/latex/cyrillic\t2acmr.fd
File: t2acmr.fd 2001/08/11 v1.0a Computer Modern Cyrillic font definitions
)
LaTeX Font Info:    ... okay on input line 50.
LaTeX Font Info:    Checking defaults for T5/cmr/m/n on input line 50.
LaTeX Font Info:    Trying to load font information for T5+cmr on input line 50.
 (C:\Users\amalj\AppData\Local\Programs\MiKTeX\tex/latex/vntex\t5cmr.fd
File: t5cmr.fd 1999/05/25 v2.5h Standard LaTeX font definitions
)
LaTeX Font Info:    ... okay on input line 50.
LaTeX Font Info:    Checking defaults for LGR/cmr/m/n on input line 50.
LaTeX Font Info:    Trying to load font information for LGR+cmr on input line 50.
 (C:\Users\amalj\AppData\Local\Programs\MiKTeX\tex/latex/cbfonts-fd\lgrcmr.fd
File: lgrcmr.fd 2017/07/29 v1.2 Greek European Computer Regular
)
LaTeX Font Info:    ... okay on input line 50.
LaTeX Font Info:    Checking defaults for LMS/ntxsy/m/n on input line 50.
LaTeX Font Info:    Trying to load font information for LMS+ntxsy on input line 50.
 (C:\Users\amalj\AppData\Local\Programs\MiKTeX\tex/latex/newtx\lmsntxsy.fd
File: lmsntxsy.fd 2016/07/02 Fontinst v1.933 font definitions for LMS/ntxsy.
)
LaTeX Font Info:    ... okay on input line 50.
LaTeX Font Info:    Checking defaults for LMX/ntxexx/m/n on input line 50.
LaTeX Font Info:    Trying to load font information for LMX+ntxexx on input line 50.
 (C:\Users\amalj\AppData\Local\Programs\MiKTeX\tex/latex/newtx\lmxntxexx.fd
File: lmxntxexx.fd 2016/07/03 Fontinst v1.933 font definitions for LMX/ntxexx.
)
LaTeX Font Info:    ... okay on input line 50.
LaTeX Font Info:    Checking defaults for PD1/pdf/m/n on input line 50.
LaTeX Font Info:    ... okay on input line 50.
LaTeX Font Info:    Checking defaults for PU/pdf/m/n on input line 50.
LaTeX Font Info:    ... okay on input line 50.

*geometry* driver: auto-detecting
*geometry* detected driver: pdftex
*geometry* verbose mode - [ preamble ] result:
* driver: pdftex
* paper: letterpaper
* layout: <same size as paper>
* layoutoffset:(h,v)=(0.0pt,0.0pt)
* modes: twoside 
* h-part:(L,W,R)=(36.135pt, 542.02501pt, 36.135pt)
* v-part:(T,H,B)=(36.135pt, 686.565pt, 72.26999pt)
* \paperwidth=614.295pt
* \paperheight=794.96999pt
* \textwidth=542.02501pt
* \textheight=686.565pt
* \oddsidemargin=-36.135pt
* \evensidemargin=-36.135pt
* \topmargin=-73.135pt
* \headheight=12.0pt
* \headsep=25.0pt
* \topskip=10.0pt
* \footskip=36.135pt
* \marginparwidth=121.0pt
* \marginparsep=11.0pt
* \columnsep=27.46295pt
* \skip\footins=12.0pt
* \hoffset=0.0pt
* \voffset=0.0pt
* \mag=1000
* \@twocolumnfalse
* \@twosidetrue
* \@mparswitchtrue
* \@reversemarginfalse
* (1in=72.27pt=25.4mm, 1cm=28.453pt)

(C:\Users\amalj\AppData\Local\Programs\MiKTeX\tex/context/base/mkii\supp-pdf.mkii
[Loading MPS to PDF converter (version 2006.09.02).]
\scratchcounter=\count381
\scratchdimen=\dimen283
\scratchbox=\box78
\nofMPsegments=\count382
\nofMParguments=\count383
\everyMPshowfont=\toks33
\MPscratchCnt=\count384
\MPscratchDim=\dimen284
\MPnumerator=\count385
\makeMPintoPDFobject=\count386
\everyMPtoPDFconversion=\toks34
) (C:\Users\amalj\AppData\Local\Programs\MiKTeX\tex/latex/epstopdf-pkg\epstopdf-base.sty
Package: epstopdf-base 2020-01-24 v2.11 Base part for package epstopdf
Package epstopdf-base Info: Redefining graphics rule for `.eps' on input line 485.
 (C:\Users\amalj\AppData\Local\Programs\MiKTeX\tex/latex/00miktex\epstopdf-sys.cfg
File: epstopdf-sys.cfg 2021/03/18 v2.0 Configuration of epstopdf for MiKTeX
))
Package caption Info: Begin \AtBeginDocument code.
Package caption Info: hyperref package is loaded.
Package caption Info: End \AtBeginDocument code.
LaTeX Info: Command `\dddot' is already robust on input line 50.
LaTeX Info: Command `\ddddot' is already robust on input line 50.
LaTeX Info: Redefining \th on input line 50.
\c@mv@tabular=\count387
\c@mv@boldtabular=\count388
 (C:\Users\amalj\AppData\Local\Programs\MiKTeX\tex/latex/upquote\upquote.sty
Package: upquote 2012/04/19 v1.3 upright-quote and grave-accent glyphs in verbatim
)
LaTeX Font Info:    Trying to load font information for T5+ntxtlf on input line 50.

No file T5ntxtlf.fd.
LaTeX Font Info:    Trying to load font information for T5+zi4 on input line 50.
No file T5zi4.fd.
LaTeX Font Info:    Trying to load font information for LGR+ntxtlf on input line 50.
No file LGRntxtlf.fd.
LaTeX Font Info:    Trying to load font information for LGR+qhv on input line 50.
No file LGRqhv.fd.
LaTeX Font Info:    Trying to load font information for LGR+zi4 on input line 50.
No file LGRzi4.fd.
LaTeX Font Info:    Trying to load font information for T2A+ntxtlf on input line 50.
No file T2Antxtlf.fd.
LaTeX Font Info:    Trying to load font information for T2A+qhv on input line 50.
No file T2Aqhv.fd.
LaTeX Font Info:    Trying to load font information for T2A+zi4 on input line 50.
No file T2Azi4.fd.
Package hyperref Info: Link coloring ON on input line 50.
<<sRGB.icc>>
LaTeX Font Info:    Font shape `T1/ntxtlf/b/n' will be
(Font)              scaled to size 10.0pt on input line 69.
LaTeX Font Info:    Trying to load font information for T1+qhv on input line 69.
 (C:\Users\amalj\AppData\Local\Programs\MiKTeX\tex/latex/tex-gyre\t1qhv.fd
File: t1qhv.fd 2009/09/25 v1.2 font definition file for T1/qhv
)
LaTeX Font Info:    Font shape `T1/qhv/b/n' will be
(Font)              scaled to size 9.10004pt on input line 69.
LaTeX Font Info:    Trying to load font information for OT1+minntx on input line 69.
 (C:\Users\amalj\AppData\Local\Programs\MiKTeX\tex/latex/newtx\ot1minntx.fd
File: ot1minntx.fd 2023/09/09 v1.1 font definition file for OT1/minntx
)
LaTeX Font Info:    Font shape `OT1/minntx/m/n' will be
(Font)              scaled to size 10.0pt on input line 69.
LaTeX Font Info:    Font shape `OT1/minntx/m/n' will be
(Font)              scaled to size 7.3pt on input line 69.
LaTeX Font Info:    Font shape `OT1/minntx/m/n' will be
(Font)              scaled to size 5.5pt on input line 69.
LaTeX Font Info:    Font shape `OML/ntxmi/m/it' will be
(Font)              scaled to size 10.0pt on input line 69.
LaTeX Font Info:    Font shape `OML/ntxmi/m/it' will be
(Font)              scaled to size 7.3pt on input line 69.
LaTeX Font Info:    Font shape `OML/ntxmi/m/it' will be
(Font)              scaled to size 5.5pt on input line 69.
LaTeX Font Info:    Font shape `LMS/ntxsy/m/n' will be
(Font)              scaled to size 10.0pt on input line 69.
LaTeX Font Info:    Font shape `LMS/ntxsy/m/n' will be
(Font)              scaled to size 7.3pt on input line 69.
LaTeX Font Info:    Font shape `LMS/ntxsy/m/n' will be
(Font)              scaled to size 5.5pt on input line 69.
LaTeX Font Info:    Font shape `LMX/ntxexx/m/n' will be
(Font)              scaled to size 10.0pt on input line 69.
LaTeX Font Info:    Font shape `LMX/ntxexx/m/n' will be
(Font)              scaled to size 7.3pt on input line 69.
LaTeX Font Info:    Font shape `LMX/ntxexx/m/n' will be
(Font)              scaled to size 5.5pt on input line 69.
LaTeX Font Info:    Trying to load font information for U+ntxmia on input line 69.
 (C:\Users\amalj\AppData\Local\Programs\MiKTeX\tex/latex/newtx\untxmia.fd
File: untxmia.fd 2024/04/09 Fontinst v1.933 font definitions for U/ntxmia.
)
LaTeX Font Info:    Font shape `U/ntxmia/m/it' will be
(Font)              scaled to size 10.0pt on input line 69.
LaTeX Font Info:    Font shape `U/ntxmia/m/it' will be
(Font)              scaled to size 7.3pt on input line 69.
LaTeX Font Info:    Font shape `U/ntxmia/m/it' will be
(Font)              scaled to size 5.5pt on input line 69.
LaTeX Font Info:    Trying to load font information for U+ntxsym on input line 69.
 (C:\Users\amalj\AppData\Local\Programs\MiKTeX\tex/latex/newtx\untxsym.fd
File: untxsym.fd 2023/08/16 Fontinst v1.933 font definitions for U/ntxsym.
)
LaTeX Font Info:    Font shape `U/ntxsym/m/n' will be
(Font)              scaled to size 10.0pt on input line 69.
LaTeX Font Info:    Font shape `U/ntxsym/m/n' will be
(Font)              scaled to size 7.3pt on input line 69.
LaTeX Font Info:    Font shape `U/ntxsym/m/n' will be
(Font)              scaled to size 5.5pt on input line 69.
LaTeX Font Info:    Trying to load font information for U+ntxsyc on input line 69.
 (C:\Users\amalj\AppData\Local\Programs\MiKTeX\tex/latex/newtx\untxsyc.fd
File: untxsyc.fd 2012/04/12 Fontinst v1.933 font definitions for U/ntxsyc.
)
LaTeX Font Info:    Font shape `U/ntxsyc/m/n' will be
(Font)              scaled to size 10.0pt on input line 69.
LaTeX Font Info:    Font shape `U/ntxsyc/m/n' will be
(Font)              scaled to size 7.3pt on input line 69.
LaTeX Font Info:    Font shape `U/ntxsyc/m/n' will be
(Font)              scaled to size 5.5pt on input line 69.
LaTeX Font Info:    Font shape `U/ntxexa/m/n' will be
(Font)              scaled to size 10.0pt on input line 69.
LaTeX Font Info:    Font shape `U/ntxexa/m/n' will be
(Font)              scaled to size 7.3pt on input line 69.
LaTeX Font Info:    Font shape `U/ntxexa/m/n' will be
(Font)              scaled to size 5.5pt on input line 69.
LaTeX Font Info:    Font shape `OT1/minntx/b/n' will be
(Font)              scaled to size 10.0pt on input line 69.
LaTeX Font Info:    Font shape `OT1/minntx/b/n' will be
(Font)              scaled to size 7.3pt on input line 69.
LaTeX Font Info:    Font shape `OT1/minntx/b/n' will be
(Font)              scaled to size 5.5pt on input line 69.
LaTeX Font Info:    Font shape `OML/ntxmi/b/it' will be
(Font)              scaled to size 10.0pt on input line 69.
LaTeX Font Info:    Font shape `OML/ntxmi/b/it' will be
(Font)              scaled to size 7.3pt on input line 69.
LaTeX Font Info:    Font shape `OML/ntxmi/b/it' will be
(Font)              scaled to size 5.5pt on input line 69.
LaTeX Font Info:    Font shape `LMS/ntxsy/b/n' will be
(Font)              scaled to size 10.0pt on input line 69.
LaTeX Font Info:    Font shape `LMS/ntxsy/b/n' will be
(Font)              scaled to size 7.3pt on input line 69.
LaTeX Font Info:    Font shape `LMS/ntxsy/b/n' will be
(Font)              scaled to size 5.5pt on input line 69.
LaTeX Font Info:    Font shape `LMX/ntxexx/b/n' will be
(Font)              scaled to size 10.0pt on input line 69.
LaTeX Font Info:    Font shape `LMX/ntxexx/b/n' will be
(Font)              scaled to size 7.3pt on input line 69.
LaTeX Font Info:    Font shape `LMX/ntxexx/b/n' will be
(Font)              scaled to size 5.5pt on input line 69.
LaTeX Font Info:    Trying to load font information for U+ntxsfmia on input line 69.
 (C:\Users\amalj\AppData\Local\Programs\MiKTeX\tex/latex/newtxsf\untxsfmia.fd
File: untxsfmia.fd 2014/11/16 Fontinst v1.933 font definitions for U/ntxsfmia.
)
LaTeX Font Info:    Font shape `U/ntxsfmia/m/it' will be
(Font)              scaled to size 10.0pt on input line 69.
LaTeX Font Info:    Font shape `U/ntxsfmia/m/it' will be
(Font)              scaled to size 7.3pt on input line 69.
LaTeX Font Info:    Font shape `U/ntxsfmia/m/it' will be
(Font)              scaled to size 5.5pt on input line 69.
LaTeX Font Info:    Font shape `T1/qhv/b/n' will be
(Font)              scaled to size 14.56006pt on input line 69.
LaTeX Font Info:    Font shape `T1/qhv/b/n' will be
(Font)              scaled to size 10.01004pt on input line 69.
LaTeX Font Info:    Font shape `T1/qhv/m/n' will be
(Font)              scaled to size 9.10004pt on input line 69.


Class asmeconf Warning: Missing number in an \affil tag!


Class asmeconf Warning: Missing number in an \affil tag!


Class asmeconf Warning: Missing number in an \affil tag!

\l__asmeconf_affilno_int=\count389
LaTeX Font Info:    Font shape `T1/ntxtlf/m/n' will be
(Font)              scaled to size 8.0pt on input line 69.
LaTeX Font Info:    Font shape `OT1/minntx/m/n' will be
(Font)              scaled to size 8.0pt on input line 69.
LaTeX Font Info:    Font shape `OT1/minntx/m/n' will be
(Font)              scaled to size 6.0pt on input line 69.
LaTeX Font Info:    Font shape `OML/ntxmi/m/it' will be
(Font)              scaled to size 8.0pt on input line 69.
LaTeX Font Info:    Font shape `OML/ntxmi/m/it' will be
(Font)              scaled to size 6.0pt on input line 69.
LaTeX Font Info:    Font shape `LMS/ntxsy/m/n' will be
(Font)              scaled to size 8.0pt on input line 69.
LaTeX Font Info:    Font shape `LMS/ntxsy/m/n' will be
(Font)              scaled to size 6.0pt on input line 69.
LaTeX Font Info:    Font shape `LMX/ntxexx/m/n' will be
(Font)              scaled to size 8.0pt on input line 69.
LaTeX Font Info:    Font shape `LMX/ntxexx/m/n' will be
(Font)              scaled to size 6.0pt on input line 69.
LaTeX Font Info:    Font shape `U/ntxmia/m/it' will be
(Font)              scaled to size 8.0pt on input line 69.
LaTeX Font Info:    Font shape `U/ntxmia/m/it' will be
(Font)              scaled to size 6.0pt on input line 69.
LaTeX Font Info:    Font shape `U/ntxsym/m/n' will be
(Font)              scaled to size 8.0pt on input line 69.
LaTeX Font Info:    Font shape `U/ntxsym/m/n' will be
(Font)              scaled to size 6.0pt on input line 69.
LaTeX Font Info:    Font shape `U/ntxsyc/m/n' will be
(Font)              scaled to size 8.0pt on input line 69.
LaTeX Font Info:    Font shape `U/ntxsyc/m/n' will be
(Font)              scaled to size 6.0pt on input line 69.
LaTeX Font Info:    Font shape `U/ntxexa/m/n' will be
(Font)              scaled to size 8.0pt on input line 69.
LaTeX Font Info:    Font shape `U/ntxexa/m/n' will be
(Font)              scaled to size 6.0pt on input line 69.
LaTeX Font Info:    Font shape `OT1/minntx/b/n' will be
(Font)              scaled to size 8.0pt on input line 69.
LaTeX Font Info:    Font shape `OT1/minntx/b/n' will be
(Font)              scaled to size 6.0pt on input line 69.
LaTeX Font Info:    Font shape `OML/ntxmi/b/it' will be
(Font)              scaled to size 8.0pt on input line 69.
LaTeX Font Info:    Font shape `OML/ntxmi/b/it' will be
(Font)              scaled to size 6.0pt on input line 69.
LaTeX Font Info:    Font shape `LMS/ntxsy/b/n' will be
(Font)              scaled to size 8.0pt on input line 69.
LaTeX Font Info:    Font shape `LMS/ntxsy/b/n' will be
(Font)              scaled to size 6.0pt on input line 69.
LaTeX Font Info:    Font shape `LMX/ntxexx/b/n' will be
(Font)              scaled to size 8.0pt on input line 69.
LaTeX Font Info:    Font shape `LMX/ntxexx/b/n' will be
(Font)              scaled to size 6.0pt on input line 69.
LaTeX Font Info:    Font shape `U/ntxsfmia/m/it' will be
(Font)              scaled to size 8.0pt on input line 69.
LaTeX Font Info:    Font shape `U/ntxsfmia/m/it' will be
(Font)              scaled to size 6.0pt on input line 69.
LaTeX Font Info:    Font shape `T1/ntxtlf/m/n' will be
(Font)              scaled to size 6.0pt on input line 69.
LaTeX Font Info:    Trying to load font information for TS1+ntxtlf on input line 69.
(C:\Users\amalj\AppData\Local\Programs\MiKTeX\tex/latex/newtx\ts1ntxtlf.fd
File: ts1ntxtlf.fd 2015/01/18 v1.0 fd file for TS1/ntxtlf
)
LaTeX Font Info:    Font shape `TS1/ntxtlf/m/n' will be
(Font)              scaled to size 6.0pt on input line 69.
LaTeX Font Info:    Font shape `T1/ntxtlf/m/it' will be
(Font)              scaled to size 10.0pt on input line 86.
 (C:\Users\amalj\AppData\Local\Programs\MiKTeX\tex/generic/babel/locale/en\babel-english.tex)
Package babel Info: Importing data for english
(babel)             from babel-en.ini. Reported on input line 133.
LaTeX Font Info:    Font shape `TS1/ntxtlf/m/n' will be
(Font)              scaled to size 10.0pt on input line 133.
 [1{C:/Users/amalj/AppData/Local/MiKTeX/fonts/map/pdftex/pdftex.map}{C:/Users/amalj/AppData/Local/Programs/MiKTeX/fonts/enc/dvips/tex-gyre/q-ec.enc}


{C:/Users/amalj/AppData/Local/Programs/MiKTeX/fonts/enc/dvips/newtx/ntx-ec-tlf.enc}{C:/Users/amalj/AppData/Local/Programs/MiKTeX/fonts/enc/dvips/tex-gyre/q-ts1.enc}] [2]
<Framework.drawio.png, id=96, 709.65125pt x 297.11pt>
File: Framework.drawio.png Graphic file (type png)
<use Framework.drawio.png>
Package pdftex.def Info: Framework.drawio.png  used on input line 219.
(pdftex.def)             Requested size: 257.28102pt x 107.71661pt.
LaTeX Font Info:    Font shape `T1/ntxtlf/m/n' will be
(Font)              scaled to size 9.0pt on input line 220.
LaTeX Font Info:    Font shape `T1/ntxtlf/b/n' will be
(Font)              scaled to size 9.0pt on input line 220.
LaTeX Font Info:    Font shape `T1/qhv/b/n' will be
(Font)              scaled to size 8.19003pt on input line 220.
<ax__global.png, id=102, 423.5022pt x 316.18124pt>
File: ax__global.png Graphic file (type png)
<use ax__global.png>
Package pdftex.def Info: ax__global.png  used on input line 285.
(pdftex.def)             Requested size: 239.46788pt x 178.78264pt.
<ay__global.png, id=103, 410.13225pt x 316.18124pt>
File: ay__global.png Graphic file (type png)
<use ay__global.png>
Package pdftex.def Info: ay__global.png  used on input line 295.
(pdftex.def)             Requested size: 231.82562pt x 178.71992pt.
<vx__global.png, id=104, 419.8887pt x 316.18124pt>
File: vx__global.png Graphic file (type png)
<use vx__global.png>
Package pdftex.def Info: vx__global.png  used on input line 307.
(pdftex.def)             Requested size: 236.91786pt x 178.40633pt.
<vy__global.png, id=105, 403.9893pt x 316.18124pt>
File: vy__global.png Graphic file (type png)
<use vy__global.png>
Package pdftex.def Info: vy__global.png  used on input line 317.
(pdftex.def)             Requested size: 231.82562pt x 181.43613pt.
<lane_change_frame_distribution.png, id=106, 1140.26pt x 877.2775pt>
File: lane_change_frame_distribution.png Graphic file (type png)
<use lane_change_frame_distribution.png>
Package pdftex.def Info: lane_change_frame_distribution.png  used on input line 334.
(pdftex.def)             Requested size: 234.37175pt x 180.31157pt.
<lane_changes_per_trajectory.png, id=107, 1167.36125pt x 850.17625pt>
File: lane_changes_per_trajectory.png Graphic file (type png)
<use lane_changes_per_trajectory.png>
Package pdftex.def Info: lane_changes_per_trajectory.png  used on input line 344.
(pdftex.def)             Requested size: 239.46788pt x 174.39104pt.


LaTeX Warning: `h' float specifier changed to `ht'.

<std__ax__global.png, id=108, 403.9893pt x 316.18124pt>
File: std__ax__global.png Graphic file (type png)
<use std__ax__global.png>
Package pdftex.def Info: std__ax__global.png  used on input line 360.
(pdftex.def)             Requested size: 231.82562pt x 181.43613pt.
<std__ay__global.png, id=109, 421.69545pt x 316.18124pt>
File: std__ay__global.png Graphic file (type png)
<use std__ay__global.png>
Package pdftex.def Info: std__ay__global.png  used on input line 370.
(pdftex.def)             Requested size: 239.46788pt x 179.54974pt.
<std__vx__global.png, id=110, 413.3844pt x 316.18124pt>
File: std__vx__global.png Graphic file (type png)
<use std__vx__global.png>
Package pdftex.def Info: std__vx__global.png  used on input line 382.
(pdftex.def)             Requested size: 239.46788pt x 183.1585pt.
<std__vy__global.png, id=111, 410.13225pt x 316.18124pt>
File: std__vy__global.png Graphic file (type png)
<use std__vy__global.png>
Package pdftex.def Info: std__vy__global.png  used on input line 392.
(pdftex.def)             Requested size: 239.46788pt x 184.61067pt.

Underfull \vbox (badness 6094) has occurred while \output is active []

 [3 <./Framework.drawio.png>]
<windowize.png, id=129, 792.9625pt x 498.86375pt>
File: windowize.png Graphic file (type png)
<use windowize.png>
Package pdftex.def Info: windowize.png  used on input line 420.
(pdftex.def)             Requested size: 487.8192pt x 306.90215pt.

Underfull \vbox (badness 3690) has occurred while \output is active []

<DBN.drawio.png, id=131, 329.23pt x 299.1175pt>
File: DBN.drawio.png Graphic file (type png)
<use DBN.drawio.png>
Package pdftex.def Info: DBN.drawio.png  used on input line 436.
(pdftex.def)             Requested size: 167.23108pt x 151.9363pt.


LaTeX Warning: `h' float specifier changed to `ht'.

[4{C:/Users/amalj/AppData/Local/Programs/MiKTeX/fonts/enc/dvips/newtx/ntx-ot1-tlf.enc} <./ax__global.png> <./ay__global.png> <./vx__global.png> <./vy__global.png>]
<prediction.png, id=148, 847.165pt x 357.335pt>
File: prediction.png Graphic file (type png)
<use prediction.png>
Package pdftex.def Info: prediction.png  used on input line 517.
(pdftex.def)             Requested size: 542.02501pt x 228.63364pt.


LaTeX Warning: `h' float specifier changed to `ht'.

[5 <./lane_change_frame_distribution.png> <./lane_changes_per_trajectory.png>] [6 <./std__ax__global.png> <./std__ay__global.png> <./std__vx__global.png> <./std__vy__global.png>]
Underfull \vbox (badness 10000) has occurred while \output is active []

 [7 <./windowize.png> <./DBN.drawio.png>] [8 <./prediction.png>]
<confusion_matrix.png, id=203, 840.0183pt x 713.3049pt>
File: confusion_matrix.png Graphic file (type png)
<use confusion_matrix.png>
Package pdftex.def Info: confusion_matrix.png  used on input line 712.
(pdftex.def)             Requested size: 433.62166pt x 368.21053pt.

Overfull \hbox (2.74901pt too wide) in paragraph at lines 763--772
 [][] 
 []


LaTeX Warning: `h' float specifier changed to `ht'.

[9]
Underfull \vbox (badness 1783) has occurred while \output is active []

 (asmeconf-template.bbl [10 <./confusion_matrix.png>]
Underfull \hbox (badness 1168) in paragraph at lines 134--140
\T1/ntxtlf/m/n/10 cisco, Armero, Car-men, Gómez-Rubio, Vir-gilio and
 []


Underfull \hbox (badness 10000) in paragraph at lines 181--189
\T1/ntxtlf/m/n/10 URL [][]$https : / / www . sciencedirect . com / science / article / pii /
 []

[11]
Underfull \hbox (badness 1917) in paragraph at lines 201--205
\T1/ntxtlf/m/it/10 Deep Learn-ing\T1/ntxtlf/m/n/10 .  MIT Press (2016).  [][]$http : / / www .
 []


Underfull \hbox (badness 1189) in paragraph at lines 221--229
[]\T1/ntxtlf/m/n/10 Ngiam, Ji-quan, Caine, Ben-jamin, Va-sude-van, Vi-jay,
 []


Underfull \hbox (badness 3019) in paragraph at lines 244--252
\T1/ntxtlf/m/n/10 Struc-tured Out-put Rep-re-sen-ta-tion us-ing Deep Con-
 []


Underfull \hbox (badness 7273) in paragraph at lines 244--252
\T1/ntxtlf/m/it/10 Ad-vances in Neu-ral In-for-ma-tion Pro-cess-ing Sys-
 []


Underfull \hbox (badness 10000) in paragraph at lines 244--252
[][]$\T1/ntxtlf/m/n/10 https : / / proceedings . neurips . cc / paper _ ^^\les / paper / 2015 / ^^\le /
 []


Underfull \hbox (badness 2913) in paragraph at lines 254--260
[]\T1/ntxtlf/m/n/10 Mangalam, Kart-tikeya, Gi-rase, Har-shayu, Agar-wal,
 []

) [12] (asmeconf-template.aux)
 ***********
LaTeX2e <2025-11-01>
L3 programming layer <2020/03/25>
 ***********
 ) 
Here is how much of TeX's memory you used:
 32407 strings out of 467871
 631555 string characters out of 5418376
 1227084 words of memory out of 5000000
 60579 multiletter control sequences out of 15000+600000
 722234 words of font info for 145 fonts, out of 8000000 for 9000
 1141 hyphenation exceptions out of 8191
 90i,17n,93p,1278b,2532s stack positions out of 10000i,1000n,20000p,200000b,200000s
<C:/Users/amalj/AppData/Local/Programs/MiKTeX/fonts/type1/public/newtx/NewTXMI.pfb><C:/Users/amalj/AppData/Local/Programs/MiKTeX/fonts/type1/public/newtx/NewTXMI5.pfb><C:/Users/amalj/AppData/Local/Programs/MiKTeX/fonts/type1/public/newtx/NewTXMI7.pfb><C:/Users/amalj/AppData/Local/Programs/MiKTeX/fonts/type1/public/tex-gyre/qhvb.pfb><C:/Users/amalj/AppData/Local/Programs/MiKTeX/fonts/type1/public/tex-gyre/qhvr.pfb><C:/Users/amalj/AppData/Local/Programs/MiKTeX/fonts/type1/public/tex-gyre/qtmr.pfb><C:/Users/amalj/AppData/Local/Programs/MiKTeX/fonts/type1/public/newtx/txbsys.pfb><C:/Users/amalj/AppData/Local/Programs/MiKTeX/fonts/type1/public/newtx/txexs.pfb><C:/Users/amalj/AppData/Local/Programs/MiKTeX/fonts/type1/public/newtx/txmiaX.pfb><C:/Users/amalj/AppData/Local/Programs/MiKTeX/fonts/type1/public/newtx/txsys.pfb><C:/Users/amalj/AppData/Local/Programs/MiKTeX/fonts/type1/public/newtxsf/zsfmia-reg.pfb><C:/Users/amalj/AppData/Local/Programs/MiKTeX/fonts/type1/public/newtx/ztmr.pfb><C:/Users/amalj/AppData/Local/Programs/MiKTeX/fonts/type1/public/newtx/ztmri.pfb>
Output written on asmeconf-template.pdf (12 pages, 1425427 bytes).
PDF statistics:
 535 PDF objects out of 1000 (max. 8388607)
 145 named destinations out of 1000 (max. 500000)
 316 words of extra memory for PDF output out of 10000 (max. 10000000)

