a,action_name,rmse_core_features_between_style0_and_style1
0,action_0,214.054767976918
1,action_1,12.864620634281232
2,action_2,17.430438481411873
3,action_3,167.8078158225724
