a,action_name,rmse_zscore_between_style0_and_style1
0,action_0,1.4653961642220223
1,action_1,1.5183051556163834
2,action_2,0.6833944368062772
3,action_3,0.8455210294028257
