{
  "window_index": 16,
  "frame": 276,
  "sequence_length": 29,
  "feature_dim": 43,
  "topk": 3,
  "observation": {
    "feature_values_scaled": {
      "vx_last": 0.37330547637010575,
      "vx_slope": -0.13384418383933977,
      "ax_last": 0.07097389636959256,
      "vy_last": -0.2854541125334588,
      "vy_slope": -0.6278268561102623,
      "ay_last": -0.5394597223415187,
      "ax_neg_frac": 0.7120494795546538,
      "ax_pos_frac": -0.8552972859287933,
      "ax_zero_frac": 1.4218755962705392,
      "ay_neg_frac": 0.6076344987942787,
      "ay_pos_frac": -0.4504672781681949,
      "ay_zero_frac": -0.3854525538653143,
      "jerk_x_p95": 0.5084816497847866,
      "jerk_y_p95": -0.8799467785551686,
      "lc_left_present": 0.0,
      "lc_right_present": 0.0,
      "d_left_lane_last": 0.39788047332544335,
      "d_left_lane_min": 0.4959041984325397,
      "d_right_lane_last": -0.5643695613018395,
      "d_right_lane_min": -0.3320142642306602,
      "front_thw_last": -0.007408081888177953,
      "front_thw_vfrac": 0.4346722864691842,
      "front_ttc_min": null,
      "front_ttc_vfrac": -0.9799002991834905,
      "front_dx_min": -0.17747884024352004,
      "front_dvx_slope": 0.2636833757339281,
      "front_exists_frac": 0.4340932002901017,
      "left_side_dvx_last": null,
      "left_side_dvx_slope": null,
      "left_side_dy_last": null,
      "left_side_exists_frac": -0.38897014463455154,
      "right_side_dvx_last": -0.1032509263929012,
      "right_side_dvx_slope": -0.03960654691310068,
      "right_side_dy_last": -0.891619142827111,
      "right_side_exists_frac": 2.493918056663562,
      "left_front_dx_last": null,
      "left_front_dvx_slope": null,
      "left_front_dy_last": null,
      "left_front_exists_frac": -1.0155681610306295,
      "right_front_dx_last": -0.006366739293579312,
      "right_front_dvx_slope": -0.06451366547427664,
      "right_front_dy_last": -0.02978765363057635,
      "right_front_exists_frac": 0.5892201688078841
    },
    "feature_values_raw": {
      "vx_last": 30.16,
      "vx_slope": -0.0023515006002401105,
      "ax_last": 0.02,
      "vy_last": -0.04,
      "vy_slope": -0.0021286914765906366,
      "ay_last": -0.04,
      "ax_neg_frac": 0.8,
      "ax_pos_frac": 0.12,
      "ax_zero_frac": 0.08,
      "ay_neg_frac": 0.68,
      "ay_pos_frac": 0.28,
      "ay_zero_frac": 0.04,
      "jerk_x_p95": 0.25000000000000017,
      "jerk_y_p95": 0.0,
      "lc_left_present": 0.0,
      "lc_right_present": 0.0,
      "d_left_lane_last": 2.0400000000000027,
      "d_left_lane_min": 1.9800000000000004,
      "d_right_lane_last": 1.6899999999999977,
      "d_right_lane_min": 1.6699999999999982,
      "front_thw_last": 1.5,
      "front_thw_vfrac": 1.0,
      "front_ttc_min": null,
      "front_ttc_vfrac": 0.0,
      "front_dx_min": 46.984999999999985,
      "front_dvx_slope": 0.00991356542617049,
      "front_exists_frac": 1.0,
      "left_side_dvx_last": null,
      "left_side_dvx_slope": null,
      "left_side_dy_last": null,
      "left_side_exists_frac": 0.0,
      "right_side_dvx_last": -4.899999999999999,
      "right_side_dvx_slope": -0.0011884753901560084,
      "right_side_dy_last": 3.7099999999999973,
      "right_side_exists_frac": 1.0,
      "left_front_dx_last": null,
      "left_front_dvx_slope": null,
      "left_front_dy_last": null,
      "left_front_exists_frac": 0.0,
      "right_front_dx_last": 50.17500000000001,
      "right_front_dvx_slope": -0.0018424969987994903,
      "right_front_dy_last": 3.9299999999999997,
      "right_front_exists_frac": 1.0
    }
  },
  "emission": {
    "map": {
      "s": 0,
      "a": 0,
      "style_name": "low_interaction",
      "action_name": "free_flow",
      "prob": 0.9943720698356628,
      "num_states": 8
    },
    "topk": [
      {
        "s": 0,
        "a": 0,
        "style_name": "low_interaction",
        "action_name": "free_flow",
        "prob": 0.9943720698356628
      },
      {
        "s": 1,
        "a": 2,
        "style_name": "high_interaction",
        "action_name": "constrained_following",
        "prob": 0.0056267594918608665
      },
      {
        "s": 1,
        "a": 1,
        "style_name": "high_interaction",
        "action_name": "lane_change",
        "prob": 2.8260922135814326e-07
      }
    ],
    "prob_matrix": [
      [
        0.9943720698356628,
        0.0,
        0.0,
        0.0
      ],
      [
        0.0,
        2.8260922135814326e-07,
        0.0056267594918608665,
        0.0
      ]
    ],
    "loglik_matrix": [
      [
        -31.92414665222168,
        -142555.03125,
        -169819.625,
        -203.56991577148438
      ],
      [
        -16834.4921875,
        -46.997703552246094,
        -37.098724365234375,
        -135768.765625
      ]
    ]
  },
  "prior": {
    "map": {
      "s": 1,
      "a": 3,
      "style_name": "high_interaction",
      "action_name": "tactical_brake",
      "prob": 0.8727389574050903,
      "num_states": 8
    },
    "topk": [
      {
        "s": 1,
        "a": 3,
        "style_name": "high_interaction",
        "action_name": "tactical_brake",
        "prob": 0.8727389574050903
      },
      {
        "s": 0,
        "a": 3,
        "style_name": "low_interaction",
        "action_name": "stable_following",
        "prob": 0.05819862708449364
      },
      {
        "s": 1,
        "a": 0,
        "style_name": "high_interaction",
        "action_name": "strong_acceleration",
        "prob": 0.021747050806879997
      }
    ],
    "prob_matrix": [
      [
        0.009368890896439552,
        0.002569108735769987,
        0.006075732875615358,
        0.05819862708449364
      ],
      [
        0.021747050806879997,
        0.016197342425584793,
        0.013104254379868507,
        0.8727389574050903
      ]
    ],
    "logprob_matrix": [
      [
        -4.670360565185547,
        -5.96419620513916,
        -5.103452682495117,
        -2.843893527984619
      ],
      [
        -3.828277111053467,
        -4.122908115386963,
        -4.334818363189697,
        -0.1361187845468521
      ]
    ]
  },
  "posterior": {
    "map": {
      "s": 0,
      "a": 0,
      "style_name": "low_interaction",
      "action_name": "free_flow",
      "prob": 0.9921470284461975,
      "num_states": 8
    },
    "topk": [
      {
        "s": 0,
        "a": 0,
        "style_name": "low_interaction",
        "action_name": "free_flow",
        "prob": 0.9921470284461975
      },
      {
        "s": 1,
        "a": 2,
        "style_name": "high_interaction",
        "action_name": "constrained_following",
        "prob": 0.007852503098547459
      },
      {
        "s": 1,
        "a": 1,
        "style_name": "high_interaction",
        "action_name": "lane_change",
        "prob": 4.874920591646514e-07
      }
    ],
    "prob_matrix": [
      [
        0.9921470284461975,
        0.0,
        0.0,
        0.0
      ],
      [
        0.0,
        4.874920591646514e-07,
        0.007852503098547459,
        0.0
      ]
    ],
    "logprob_matrix": [
      [
        -0.007883979007601738,
        -142524.40625,
        -169788.140625,
        -169.82717895507812
      ],
      [
        -16801.734375,
        -14.533991813659668,
        -4.846922874450684,
        -135732.3125
      ]
    ]
  },
  "forecast_t_plus_1": {
    "map": {
      "s": 0,
      "a": 0,
      "style_name": "low_interaction",
      "action_name": "free_flow",
      "prob": 0.8955895900726318,
      "num_states": 8
    },
    "topk": [
      {
        "s": 0,
        "a": 0,
        "style_name": "low_interaction",
        "action_name": "free_flow",
        "prob": 0.8955895900726318
      },
      {
        "s": 1,
        "a": 0,
        "style_name": "high_interaction",
        "action_name": "strong_acceleration",
        "prob": 0.05664503574371338
      },
      {
        "s": 0,
        "a": 3,
        "style_name": "low_interaction",
        "action_name": "stable_following",