{
  "window_index": 21,
  "frame": 326,
  "sequence_length": 29,
  "feature_dim": 43,
  "topk": 3,
  "observation": {
    "feature_values_scaled": {
      "vx_last": 0.39749221832174975,
      "vx_slope": 0.3279227963897503,
      "ax_last": 0.3992372029213955,
      "vy_last": -0.17153920536082468,
      "vy_slope": 0.19135531145410148,
      "ay_last": 0.8718333952935794,
      "ax_neg_frac": -1.0413726776008423,
      "ax_pos_frac": 1.0717475456857066,
      "ax_zero_frac": -0.30934499080534966,
      "ay_neg_frac": -0.35221205521693916,
      "ay_pos_frac": 0.4045297804430508,
      "ay_zero_frac": -0.13445229019576418,
      "jerk_x_p95": 0.5084816497847869,
      "jerk_y_p95": 1.169335521805864,
      "lc_left_present": 0.0,
      "lc_right_present": 0.0,
      "d_left_lane_last": 0.16375202071552306,
      "d_left_lane_min": 0.40797261381933625,
      "d_right_lane_last": -0.3298076623308132,
      "d_right_lane_min": -0.2892082921098561,
      "front_thw_last": -0.007040077892804237,
      "front_thw_vfrac": 0.4346722864691842,
      "front_ttc_min": null,
      "front_ttc_vfrac": -0.9799002991834905,
      "front_dx_min": -0.072928348804784,
      "front_dvx_slope": 0.02389181609280518,
      "front_exists_frac": 0.4340932002901017,
      "left_side_dvx_last": null,
      "left_side_dvx_slope": null,
      "left_side_dy_last": null,
      "left_side_exists_frac": -0.38897014463455154,
      "right_side_dvx_last": -0.1083252218376825,
      "right_side_dvx_slope": -0.033451977458381896,
      "right_side_dy_last": -0.7974006342406759,
      "right_side_exists_frac": 0.7392838489272366,
      "left_front_dx_last": null,
      "left_front_dvx_slope": null,
      "left_front_dy_last": null,
      "left_front_exists_frac": -1.0155681610306295,
      "right_front_dx_last": -0.2528662984168972,
      "right_front_dvx_slope": -0.0602985161328593,
      "right_front_dy_last": -0.1049683165971762,
      "right_front_exists_frac": 0.5892201688078841
    },
    "feature_values_raw": {
      "vx_last": 30.36,
      "vx_slope": 0.004208403361344516,
      "ax_last": 0.14,
      "vy_last": -0.02,
      "vy_slope": 0.000687154861944778,
      "ay_last": 0.07,
      "ax_neg_frac": 0.0,
      "ax_pos_frac": 1.0,
      "ax_zero_frac": 0.0,
      "ay_neg_frac": 0.3,
      "ay_pos_frac": 0.62,
      "ay_zero_frac": 0.08,
      "jerk_x_p95": 0.2500000000000002,
      "jerk_y_p95": 0.25000000000000006,
      "lc_left_present": 0.0,
      "lc_right_present": 0.0,
      "d_left_lane_last": 1.9400000000000013,
      "d_left_lane_min": 1.9400000000000013,
      "d_right_lane_last": 1.7899999999999991,
      "d_right_lane_min": 1.6899999999999977,
      "front_thw_last": 1.68,
      "front_thw_vfrac": 1.0,
      "front_ttc_min": null,
      "front_ttc_vfrac": 0.0,
      "front_dx_min": 51.715,
      "front_dvx_slope": 0.001976470588235338,
      "front_exists_frac": 1.0,
      "left_side_dvx_last": null,
      "left_side_dvx_slope": null,
      "left_side_dy_last": null,
      "left_side_exists_frac": 0.0,
      "right_side_dvx_last": -4.920000000000002,
      "right_side_dvx_slope": -0.0010909090909091508,
      "right_side_dy_last": 3.75,
      "right_side_exists_frac": 0.42,
      "left_front_dx_last": null,
      "left_front_dvx_slope": null,
      "left_front_dy_last": null,
      "left_front_exists_frac": 0.0,
      "right_front_dx_last": 39.00500000000001,
      "right_front_dvx_slope": -0.0016816326530612025,
      "right_front_dy_last": 3.8900000000000006,
      "right_front_exists_frac": 1.0
    }
  },
  "emission": {
    "map": {
      "s": 1,
      "a": 0,
      "style_name": "high_interaction",
      "action_name": "strong_acceleration",
      "prob": 1.0,
      "num_states": 8
    },
    "topk": [
      {
        "s": 1,
        "a": 0,
        "style_name": "high_interaction",
        "action_name": "strong_acceleration",
        "prob": 1.0
      },
      {
        "s": 0,
        "a": 0,
        "style_name": "low_interaction",
        "action_name": "free_flow",
        "prob": 1.1069827277054856e-09
      },
      {
        "s": 1,
        "a": 2,
        "style_name": "high_interaction",
        "action_name": "constrained_following",
        "prob": 1.3990128771169258e-13
      }
    ],
    "prob_matrix": [
      [
        1.1069827277054856e-09,
        0.0,
        0.0,
        3.602628769140151e-19
      ],
      [
        1.0,
        2.1066963006976386e-15,
        1.3990128771169258e-13,
        0.0
      ]
    ],
    "loglik_matrix": [
      [
        -27.756797790527344,
        -362110.0625,
        -169812.578125,
        -49.602622985839844
      ],
      [
        -7.1351704597473145,
        -40.92882537841797,
        -36.733009338378906,
        -399976.0
      ]
    ]
  },
  "prior": {
    "map": {
      "s": 0,
      "a": 0,
      "style_name": "low_interaction",
      "action_name": "free_flow",
      "prob": 0.9026632905006409,
      "num_states": 8
    },
    "topk": [
      {
        "s": 0,
        "a": 0,
        "style_name": "low_interaction",
        "action_name": "free_flow",
        "prob": 0.9026632905006409
      },
      {
        "s": 1,
        "a": 0,
        "style_name": "high_interaction",
        "action_name": "strong_acceleration",
        "prob": 0.05594123154878616
      },
      {
        "s": 0,
        "a": 3,
        "style_name": "low_interaction",
        "action_name": "stable_following",
        "prob": 0.026749826967716217
      }
    ],
    "prob_matrix": [
      [
        0.9026632905006409,
        0.0006610856507904828,
        0.01169207040220499,
        0.026749826967716217
      ],
      [
        0.05594123154878616,
        0.0014298207825049758,
        0.0007296116673387587,
        0.00013298327394295484
      ]
    ],
    "logprob_matrix": [
      [
        -0.10240566730499268,
        -7.321627140045166,
        -4.4488444328308105,
        -3.621227264404297
      ],
      [
        -2.883453607559204,
        -6.550206184387207,
        -7.222998142242432,
        -8.925287246704102
      ]
    ]
  },
  "posterior": {
    "map": {
      "s": 1,
      "a": 0,
      "style_name": "high_interaction",
      "action_name": "strong_acceleration",
      "prob": 1.0,
      "num_states": 8
    },
    "topk": [
      {
        "s": 1,
        "a": 0,
        "style_name": "high_interaction",
        "action_name": "strong_acceleration",
        "prob": 1.0
      },
      {
        "s": 0,
        "a": 0,
        "style_name": "low_interaction",
        "action_name": "free_flow",
        "prob": 1.786218462029865e-08
      },
      {
        "s": 1,
        "a": 2,
        "style_name": "high_interaction",
        "action_name": "constrained_following",
        "prob": 1.8246548698109275e-15
      }
    ],
    "prob_matrix": [
      [
        1.786218462029865e-08,
        0.0,
        0.0,
        1.7226948740030024e-19
      ],
      [
        1.0,
        5.384580173889462e-17,
        1.8246548698109275e-15,
        0.0
      ]
    ],
    "logprob_matrix": [
      [
        -17.840579986572266,
        -362107.34375,
        -169807.015625,
        -43.20522689819336
      ],
      [
        0.0,
        -37.46040725708008,
        -33.93738555908203,
        -399974.90625
      ]
    ]
  },
  "forecast_t_plus_1": {
    "map": {
      "s": 1,
      "a": 0,
      "style_name": "high_interaction",
      "action_name": "strong_acceleration",
      "prob": 0.8874258995056152,
      "num_states": 8
    },
    "topk": [
      {
        "s": 1,
        "a": 0,
        "style_name": "high_interaction",
        "action_name": "strong_acceleration",
        "prob": 0.8874258995056152
      },
      {
        "s": 0,
        "a": 0,
        "style_name": "low_interaction",
        "action_name": "free_flow",
        "prob": 0.07304797321557999
      },
      {
        "s": 1,
        "a": 1,
        "style_name": "high_interaction",
        "action_name": "lane_change",