{
  "window_index": 20,
  "frame": 316,
  "sequence_length": 29,
  "feature_dim": 43,
  "topk": 3,
  "observation": {
    "feature_values_scaled": {
      "vx_last": 0.3902361957362567,
      "vx_slope": 0.2478800316446766,
      "ax_last": 0.3992372029213955,
      "vy_last": -0.2854541125334588,
      "vy_slope": -0.09697893033526526,
      "ay_last": 0.6152346466326525,
      "ax_neg_frac": -1.0413726776008423,
      "ax_pos_frac": 0.8965616519025703,
      "ax_zero_frac": 1.4218755962705392,
      "ay_neg_frac": 0.1529703416310702,
      "ay_pos_frac": -0.09840966579885847,
      "ay_zero_frac": -0.13445229019576418,
      "jerk_x_p95": 0.5084816497847869,
      "jerk_y_p95": 1.169335521805864,
      "lc_left_present": 0.0,
      "lc_right_present": 0.0,
      "d_left_lane_last": 0.1871648659765184,
      "d_left_lane_min": 0.429955509972641,
      "d_right_lane_last": -0.3532638522279192,
      "d_right_lane_min": -0.31061127817025436,
      "front_thw_last": -0.007121856558442841,
      "front_thw_vfrac": 0.4346722864691842,
      "front_ttc_min": null,
      "front_ttc_vfrac": -0.9799002991834905,
      "front_dx_min": -0.09569515772273342,
      "front_dvx_slope": 0.10005526748828385,
      "front_exists_frac": 0.4340932002901017,
      "left_side_dvx_last": null,
      "left_side_dvx_slope": null,
      "left_side_dy_last": null,
      "left_side_exists_frac": -0.38897014463455154,
      "right_side_dvx_last": -0.1083252218376825,
      "right_side_dvx_slope": -0.031024010468065962,
      "right_side_dy_last": -0.7974006342406759,
      "right_side_exists_frac": 1.344330127457004,
      "left_front_dx_last": null,
      "left_front_dvx_slope": null,
      "left_front_dy_last": null,
      "left_front_exists_frac": -1.0155681610306295,
      "right_front_dx_last": -0.20343397859270465,
      "right_front_dvx_slope": -0.06335607222230684,
      "right_front_dy_last": -0.06737798511387628,
      "right_front_exists_frac": 0.5892201688078841
    },
    "feature_values_raw": {
      "vx_last": 30.3,
      "vx_slope": 0.0030713085234093784,
      "ax_last": 0.14,
      "vy_last": -0.04,
      "vy_slope": -0.0003039615846338535,
      "ay_last": 0.05,
      "ax_neg_frac": 0.0,
      "ax_pos_frac": 0.92,
      "ax_zero_frac": 0.08,
      "ay_neg_frac": 0.5,
      "ay_pos_frac": 0.42,
      "ay_zero_frac": 0.08,
      "jerk_x_p95": 0.2500000000000002,
      "jerk_y_p95": 0.25000000000000006,
      "lc_left_present": 0.0,
      "lc_right_present": 0.0,
      "d_left_lane_last": 1.9500000000000028,
      "d_left_lane_min": 1.9500000000000028,
      "d_right_lane_last": 1.7799999999999976,
      "d_right_lane_min": 1.6799999999999997,
      "front_thw_last": 1.64,
      "front_thw_vfrac": 1.0,
      "front_ttc_min": null,
      "front_ttc_vfrac": 0.0,
      "front_dx_min": 50.684999999999974,
      "front_dvx_slope": 0.004497478991596619,
      "front_exists_frac": 1.0,
      "left_side_dvx_last": null,
      "left_side_dvx_slope": null,
      "left_side_dy_last": null,
      "left_side_exists_frac": 0.0,
      "right_side_dvx_last": -4.920000000000002,
      "right_side_dvx_slope": -0.0010524193548388182,
      "right_side_dy_last": 3.75,
      "right_side_exists_frac": 0.62,
      "left_front_dx_last": null,
      "left_front_dvx_slope": null,
      "left_front_dy_last": null,
      "left_front_exists_frac": 0.0,
      "right_front_dx_last": 41.245000000000005,
      "right_front_dvx_slope": -0.0017983193277311227,
      "right_front_dy_last": 3.91,
      "right_front_exists_frac": 1.0
    }
  },
  "emission": {
    "map": {
      "s": 0,
      "a": 0,
      "style_name": "low_interaction",
      "action_name": "free_flow",
      "prob": 0.9995918869972229,
      "num_states": 8
    },
    "topk": [
      {
        "s": 0,
        "a": 0,
        "style_name": "low_interaction",
        "action_name": "free_flow",
        "prob": 0.9995918869972229
      },
      {
        "s": 1,
        "a": 2,
        "style_name": "high_interaction",
        "action_name": "constrained_following",
        "prob": 0.000407188490498811
      },
      {
        "s": 1,
        "a": 1,
        "style_name": "high_interaction",
        "action_name": "lane_change",
        "prob": 2.1010347950323194e-07
      }
    ],
    "prob_matrix": [
      [
        0.9995918869972229,
        0.0,
        0.0,
        4.131884864158927e-26
      ],
      [
        0.0,
        2.1010347950323194e-07,
        0.000407188490498811,
        0.0
      ]
    ],
    "loglik_matrix": [
      [
        -28.48711585998535,
        -463062.75,
        -169812.984375,
        -86.93518829345703
      ],
      [
        -3489.80712890625,
        -43.86237335205078,
        -36.29294204711914,
        -494166.8125
      ]
    ]
  },
  "prior": {
    "map": {
      "s": 0,
      "a": 0,
      "style_name": "low_interaction",
      "action_name": "free_flow",
      "prob": 0.9026623964309692,
      "num_states": 8
    },
    "topk": [
      {
        "s": 0,
        "a": 0,
        "style_name": "low_interaction",
        "action_name": "free_flow",
        "prob": 0.9026623964309692
      },
      {
        "s": 1,
        "a": 0,
        "style_name": "high_interaction",
        "action_name": "strong_acceleration",
        "prob": 0.055941324681043625
      },
      {
        "s": 0,
        "a": 3,
        "style_name": "low_interaction",
        "action_name": "stable_following",
        "prob": 0.026749800890684128
      }
    ],
    "prob_matrix": [
      [
        0.9026623964309692,
        0.0006610853597521782,
        0.011692131869494915,
        0.026749800890684128
      ],
      [
        0.055941324681043625,
        0.001429857569746673,
        0.0007301396108232439,
        0.0001331906532868743
      ]
    ],
    "logprob_matrix": [
      [
        0.9026623964309692,
        0.0006610853597521782,
        0.011692131869494915,
        0.026749800890684128
      ],
      [
        0.055941324681043625,
        0.001429857569746673,
        0.0007301396108232439,
        0.0001331906532868743
      ]
    ]
  },
  "posterior": {
    "map": {
      "s": 0,
      "a": 0,
      "style_name": "low_interaction",
      "action_name": "free_flow",
      "prob": 0.9999996423721313,
      "num_states": 8
    },
    "topk": [
      {
        "s": 0,
        "a": 0,
        "style_name": "low_interaction",
        "action_name": "free_flow",
        "prob": 0.9999996423721313
      },
      {
        "s": 1,
        "a": 2,
        "style_name": "high_interaction",
        "action_name": "constrained_following",
        "prob": 3.2949867545539746e-07
      },
      {
        "s": 1,
        "a": 1,
        "style_name": "high_interaction",
        "action_name": "lane_change",
        "prob": 3.3294880741330246e-10
      }
    ],
    "prob_matrix": [
      [
        0.9999996423721313,
        0.0,
        0.0,
        1.2249517262375413e-27
      ],
      [
        0.0,
        3.3294880741330246e-10,
        3.2949867545539746e-07,
        0.0
      ]
    ],
    "logprob_matrix": [
      [
        0.9999996423721313,
        0.0,
        0.0,
        1.2249517262375413e-27
      ],
      [
        0.0,
        3.3294880741330246e-10,
        3.2949867545539746e-07,
        0.0
      ]
    ]
  },
  "forecast_t_plus_1": {
    "map": {
      "s": 0,
      "a": 0,
      "style_name": "low_interaction",
      "action_name": "free_flow",
      "prob": 0.9026632905006409,
      "num_states": 8
    },
    "topk": [
      {
        "s": 0,
        "a": 0,
        "style_name": "low_interaction",
        "action_name": "free_flow",
        "prob": 0.9026632905006409
      },
      {
        "s": 1,
        "a": 0,
        "style_name": "high_interaction",
        "action_name": "strong_acceleration",
        "prob": 0.05594123154878616
      },
      {
        "s": 0,
        "a": 3,
        "style_name": "low_interaction",
        "action_name": "stable_following",